family,volume_type,R,H,SA,V,n_t500,n_t2000,n_t15000,n_near_eq,n_eq,n_eq_per_V,pct_eq_t15000,early_leadership_share,SA_V,L_c,n_t500_kg,n_t2000_kg,n_t15000_kg,n_near_eq_kg,n_eq_kg,n_eq_per_V_kg
cylinder_recessed,removed,5e-06,5e-06,1.0039270190066085e-08,4.999018269246509e-13,1.9443261450959495e-05,3.886824938026618e-05,0.00010426113723295271,0.00017687007088634248,0.00017687007088634248,353809610.92787063,58.947868743690044,0.0,20082.483498463553,4.979463820181935e-05,8.556979364567274e-07,1.7105916552255146e-06,4.588532649622249e-06,7.784051819707934e-06,7.784051819707934e-06,15571160.976935586
cylinder_recessed,removed,5e-06,1.25e-05,1.0098174542048017e-08,4.997545680661735e-13,1.95853608323289e-05,3.913094561136098e-05,0.00010467675744886925,0.00017682071857649844,0.00017682071857649844,353815112.2074091,59.19937340577125,0.0,20206.267610766285,4.948959497434256e-05,8.619517302307949e-07,1.7221529163559968e-06,4.606824095324736e-06,7.781879824551697e-06,7.781879824551697e-06,15571403.088248074
cylinder_recessed,removed,5e-06,2e-05,1.0157077901608699e-08,4.996073119214208e-13,1.9740124120465527e-05,3.9489473862666954e-05,0.0001053962536158866,0.0001767782403067245,0.0001767782403067245,353834373.69413143,59.62060343683454,0.0,20330.122596777015,4.9188094918745475e-05,8.687628625416879e-07,1.7379317446959727e-06,4.638489121635169e-06,7.780010355898946e-06,7.780010355898946e-06,15572250.786278725
cylinder_recessed,removed,5e-06,2.75e-05,1.021598218865857e-08,4.994600536346626e-13,1.9895954926263553e-05,3.9865680980626244e-05,0.00010633228203468242,0.00017665928567785127,0.00017665928567785127,353700529.9868712,60.190598884558874,0.0,20454.05255998951,4.88900669961177e-05,8.75620976304859e-07,1.7544886199573611e-06,4.679683732346373e-06,7.774775162682234e-06,7.774775162682234e-06,15566360.3247222
cylinder_recessed,removed,5e-06,3.5e-05,1.0274886426208024e-08,4.993127957484077e-13,2.005205630306432e-05,4.024810888765124e-05,0.00010734066544434213,0.00017661081159874378,0.00017661081159874378,353707762.1534336,60.7780828776315,0.0,20578.055506883717,4.8595456439773074e-05,8.824909978978607e-07,1.7713192721455312e-06,4.724062686205497e-06,7.772641818460715e-06,7.772641818460715e-06,15566678.612372614
cylinder_recessed,removed,1e-05,5e-06,1.0078539167486598e-08,4.996073077692905e-13,1.9481108365407273e-05,3.89265390910894e-05,0.00010432276593192182,0.00017672404514247503,0.00017672404514247503,353725901.1112843,59.031449765546476,0.0,20172.921834323297,4.957140111942268e-05,8.573635791615741e-07,1.7131569853988446e-06,4.5912449286638795e-06,7.777625226720327e-06,7.777625226720327e-06,15567476.907907624
cylinder_recessed,removed,1e-05,1.25e-05,1.0196348553999215e-08,4.990182653716055e-13,1.9733550648143926e-05,3.937369414371884e-05,0.00010504215563950386,0.00017655298910352352,0.00017655298910352352,353800654.91600645,59.496107187350646,0.0,20432.816314661886,4.894087944609155e-05,8.684735640248142e-07,1.7328362792650662e-06,4.622905269694565e-06,7.770097050446071e-06,7.770097050446071e-06,15570766.822853444
cylinder_recessed,removed,1e-05,2e-05,1.0314155598866983e-08,4.984292496835625e-13,2.0005774229984075e-05,3.995030035471914e-05,0.00010617011231754512,0.00017634629721248417,0.00017634629721248417,353804070.1352118,60.20546730823503,0.0,20693.319273327408,4.832477510212424e-05,8.804541238615992e-07,1.7582127186111893e-06,4.672546643095161e-06,7.761000540321428e-06,7.761000540321428e-06,15570917.126650672
cylinder_recessed,removed,1e-05,2.75e-05,1.0431963927363908e-08,4.978402183208805e-13,2.029273340026054e-05,4.056106716908156e-05,0.00010751370672915043,0.0001761364834320913,0.0001761364834320913,353801233.7094135,61.03999843428344,0.0,20954.44189412603,4.772257858513144e-05,8.930831969454664e-07,1.7850925661112796e-06,4.7316782331499105e-06,7.751766635846339e-06,7.751766635846339e-06,15570792.295551289
cylinder_recessed,removed,1e-05,3.5e-05,1.054977257665705e-08,4.972511847119902e-13,2.0560444135840172e-05,4.1177130702651524e-05,0.00010882510999330818,0.0001759262492305413,0.0001759262492305413,353797546.671384,61.85836989606882,0.0,21216.183894599504,4.713382976731014e-05,9.04865146418326e-07,1.8122055222236937e-06,4.789393090805493e-06,7.742514228636123e-06,7.742514228636123e-06,15570630.02900761
cylinder_recessed,removed,2e-05,5e-06,1.015707928899503e-08,4.984292117733733e-13,1.9567478529325703e-05,3.904312336086049e-05,0.00010446694811946259,0.00017630815517610875,0.00017630815517610875,353727572.56505436,59.25247644677229,0.0,20378.178182729123,4.90721001177386e-05,8.611647300756242e-07,1.7182878591114704e-06,4.597590386737548e-06,7.759321909300546e-06,7.759321909300546e-06,15567550.468588043
cylinder_recessed,removed,2e-05,1.25e-05,1.0392698476224122e-08,4.960730229852116e-13,2.0050772752758632e-05,3.984317172382014e-05,0.00010569648127438426,0.00017551253281114743,0.00017551253281114743,353803824.59616154,60.22161470834355,0.0,20949.936792942553,4.773284090942327e-05,8.824345088489074e-07,1.7534979875653244e-06,4.651702140885651e-06,7.724306569018599e-06,7.724306569018599e-06,15570906.32047707
cylinder_recessed,removed,2e-05,2e-05,1.062831706973537e-08,4.93716850751701e-13,2.055213094234268e-05,4.085371423450692e-05,0.00010749879800716818,0.00017467720820025064,0.00017467720820025064,353800377.5530419,61.54139919841811,0.0,21527.150741469304,4.645296593169796e-05,9.044992827725014e-07,1.7979719634606498e-06,4.731022100295472e-06,7.687543932893031e-06,7.687543932893031e-06,15570754.616109373
cylinder_recessed,removed,2e-05,2.75e-05,1.0863936011498371e-08,4.913606687730951e-13,2.1051646530593313e-05,4.192705391996551e-05,0.0001094344132507549,0.000173807428765329,0.000173807428765329,353726783.21876705,62.96302409404541,0.0,22109.901548744463,4.522860483097837e-05,9.264829638114117e-07,1.845209643017682e-06,4.8162085271657235e-06,7.64926493996213e-06,7.64926493996213e-06,15567515.729457937
cylinder_recessed,removed,2e-05,3.5e-05,1.109955469528828e-08,4.890044941931702e-13,2.1541338573301332e-05,4.2999506659090584e-05,0.00011094805887822305,0.00017300822890166276,0.00017300822890166276,353796807.5060671,64.1287755978853,0.0,22698.2672492651,4.405622636381537e-05,9.480343106109917e-07,1.8924082880665767e-06,4.882824071230597e-06,7.614092153962178e-06,7.614092153962178e-06,15570597.498342013
cylinder_recessed,removed,5e-05,5e-06,1.0392699061886389e-08,4.901825241141128e-13,1.9837111006014636e-05,3.93839314622151e-05,0.0001048078654720013,0.00017342638508770499,0.00017342638508770499,353799608.4236817,60.43363322080316,0.0,21201.69233015538,4.7166046201778435e-05,8.730312553747041e-07,1.7332868236520864e-06,4.612594159422777e-06,7.632495207709897e-06,7.632495207709897e-06,15570720.766726231
cylinder_recessed,removed,5e-05,1.25e-05,1.098174764516554e-08,4.754563108832295e-13,2.094927942454909e-05,4.1233814599662054e-05,0.00010726816178270059,0.000168186026803738,0.000168186026803738,353736027.7988695,63.77947313534879,0.0,23097.280220690183,4.329514083239184e-05,9.219777874744055e-07,1.814700180531127e-06,4.720871800056653e-06,7.40186703963251e-06,7.40186703963251e-06,15567922.583428247
cylinder_recessed,removed,5e-05,2e-05,1.1570796214391298e-08,4.60730098688861e-13,2.2124974595271853e-05,4.353235745640464e-05,0.00011026362181927834,0.0001630019996769608,0.0001630019996769608,353790646.93370265,67.64556388130208,0.0,25114.04452914906,3.981835736730228e-05,9.737201319379142e-07,1.9158590516563683e-06,4.85270199626644e-06,7.173718005783045e-06,7.173718005783045e-06,15570326.371552253
cylinder_recessed,removed,5e-05,2.75e-05,1.2159844813221448e-08,4.4600388478778003e-13,2.3315364178547087e-05,4.597803182633903e-05,0.00011219305883025023,0.00015778916324660073,0.00015778916324660073,353784279.9770249,71.1031458192787,0.0,27263.988561461545,3.667841914420143e-05,1.0261091774978573e-06,2.023493180677181e-06,4.9376165191193125e-06,6.944301074482899e-06,6.944301074482899e-06,15570046.161788866
cylinder_recessed,removed,5e-05,3.5e-05,1.2748893402809993e-08,4.312776714591679e-13,2.4504287910249645e-05,4.8342291115687714e-05,0.00011174136715816799,0.0001525804512416531,0.0001525804512416531,353787041.0156371,73.23439290476,0.0,29560.754582252983,3.382863577509478e-05,1.0784337109300869e-06,2.127544232001416e-06,4.917737568630973e-06,6.715065659145153e-06,6.715065659145153e-06,15570167.675098188
cylinder_recessed,removed,8e-05,5e-06,1.0628318495866587e-08,4.748672596693556e-13,2.0094737043272044e-05,3.973039384959872e-05,0.00010502016219243726,0.00016802702518121696,0.00016802702518121696,353839987.4066116,62.50194698095329,0.0,22381.661989640972,4.467943446124937e-05,8.843693772744027e-07,1.7485346333208398e-06,4.621937338089164e-06,7.394869378225358e-06,7.394869378225358e-06,15572497.845764978
cylinder_recessed,removed,8e-05,1.25e-05,1.157079630275452e-08,4.3716814914301487e-13,2.184111220026544e-05,4.26246029619732e-05,0.00010807204384440501,0.00015466348065851167,0.00015466348065851167,353784878.7970945,69.87560565963341,0.0,26467.610518828667,3.778202793518571e-05,9.61227347933682e-07,1.8759087763564405e-06,4.756250649592265e-06,6.806739783781099e-06,6.806739783781099e-06,15570072.515860131
cylinder_recessed,removed,8e-05,2e-05,1.2513274088818797e-08,3.994690384400384e-13,2.3715627794631943e-05,4.622353436654564e-05,0.00011048008925885152,0.00014131937283838697,0.00014131937283838697,353768025.1522158,78.17759663085732,0.0,31324.765838384443,3.192362251514837e-05,1.0437247792417517e-06,2.034297747471674e-06,4.862228728282055e-06,6.219465598617411e-06,6.219465598617411e-06,15569330.786949016
cylinder_recessed,removed,8e-05,2.75e-05,1.3455751876392262e-08,3.6176992749957435e-13,2.560595417856347e-05,5.0005677524257556e-05,0.00010903024170921595,0.00012798261761641876,0.00012798261761641876,353767983.15158284,85.19144532267214,0.0,37194.22443262118,2.6885894658498385e-05,1.1269180433985782e-06,2.200749867842575e-06,4.7984209376225935e-06,5.63251500129859e-06,5.63251500129859e-06,15569328.93850116
cylinder_recessed,removed,8e-05,3.5e-05,1.4398229660900831e-08,3.2407081680021435e-13,2.7462440771388086e-05,5.3580575782066074e-05,0.00010188401473240338,0.00011464602265402778,0.00011464602265402778,353768425.63613385,88.86833784008638,0.0,44429.269512956984,2.2507684932977983e-05,1.2086220183487897e-06,2.358081140168728e-06,4.483915488373073e-06,5.045571457003763e-06,5.045571457003763e-06,15569348.412246251
square_recessed,removed,5e-06,5e-06,1.0049999999999971e-08,4.998749999999986e-13,1.9462453499865483e-05,3.887696686896087e-05,0.00010425636499986237,0.0001768564420577372,0.0001768564420577372,353801334.4490877,58.94971299141394,0.0,20105.02625656414,4.973880597014926e-05,8.565425785290799e-07,1.710975311902968e-06,4.588322623643943e-06,7.783452014961014e-06,7.783452014961014e-06,15570796.72910435
square_recessed,removed,5e-06,1.25e-05,1.012499999999999e-08,4.99687499999999e-13,1.9620393646612992e-05,3.918992633777763e-05,0.00010475382573557252,0.00017679262852358262,0.00017679262852358262,353806386.03844,59.25237189490582,0.0,20262.664165103208,4.93518518518518e-05,8.634935243874378e-07,1.7247486581255935e-06,4.610215870622547e-06,7.780643581322871e-06,7.780643581322871e-06,15571019.049551744
square_recessed,removed,5e-06,2e-05,1.0200000000000045e-08,4.994999999999984e-13,1.981469513256924e-05,3.958258483946857e-05,0.00010554280407414391,0.0001767246375516074,0.0001767246375516074,353803078.1813973,59.721612977320795,0.0,20420.420420420574,4.897058823529375e-05,8.720447327843722e-07,1.7420295587850118e-06,4.6449388073030735e-06,7.777651298646242e-06,7.777651298646242e-06,15570873.470763296
square_recessed,removed,5e-06,2.75e-05,1.0274999999999965e-08,4.993124999999985e-13,1.999970216566841e-05,4.001463873269203e-05,0.00010657873721913218,0.00017665666477386445,0.00017665666477386445,353799804.27861303,60.33100271397177,0.0,20578.295155839267,4.859489051094893e-05,8.801868923110667e-07,1.7610442506257763e-06,4.6905302250140075e-06,7.774659816697775e-06,7.774659816697775e-06,15570729.38630176
square_recessed,removed,5e-06,3.5e-05,1.0350000000000076e-08,4.991249999999987e-13,2.01711587238236e-05,4.0453837341603485e-05,0.00010768939141655255,0.00017658983002333595,0.00017658983002333595,353798807.96060383,60.98278219211244,0.0,20736.288504883752,4.8224637681158946e-05,8.877326954354766e-07,1.7803733814039693e-06,4.739410116242478e-06,7.771718419327015e-06,7.771718419327015e-06,15570685.538346175
square_recessed,removed,1e-05,5e-06,1.0100000000000004e-08,4.994999999999988e-13,1.951740728380821e-05,3.895082589887944e-05,0.00010434884875660627,0.00017672369322467032,0.00017672369322467032,353801187.63697845,59.04632641642833,0.0,20220.220220220275,4.945544554455432e-05,8.589610945603994e-07,1.7142258478096842e-06,4.592392833778242e-06,7.77760973881774e-06,7.77760973881774e-06,15570790.267903421
square_recessed,removed,1e-05,1.25e-05,1.0249999999999936e-08,4.987499999999985e-13,1.9822808205488602e-05,3.947845362491551e-05,0.00010516953270376605,0.0001764580905992212,0.0001764580905992212,353800682.9057078,59.60028942092056,0.0,20551.378446115225,4.8658536585366005e-05,8.724017891235533e-07,1.7374467440325316e-06,4.628511134292744e-06,7.765920567271725e-06,7.765920567271725e-06,15570768.0546802
square_recessed,removed,1e-05,2e-05,1.0399999999999989e-08,4.979999999999987e-13,2.0152812265173145e-05,4.015752230982075e-05,0.00010645440578871206,0.0001761917199264842,0.0001761917199264842,353798634.3905315,60.41964164554955,0.0,20883.53413654622,4.7884615384615306e-05,8.869252677902701e-07,1.7673325568552112e-06,4.685058398761218e-06,7.75419759396457e-06,7.75419759396457e-06,15570677.89952729
square_recessed,removed,1e-05,2.75e-05,1.0549999999999999e-08,4.972499999999985e-13,2.0483142470860193e-05,4.087341796126403e-05,0.00010796820862725381,0.0001759286502147818,0.0001759286502147818,353803218.1292757,61.37045245071865,0.0,21216.69180492716,4.713270142180081e-05,9.014631001425571e-07,1.7988391244752298e-06,4.751680861685441e-06,7.742619895952547e-06,7.742619895952547e-06,15570879.629869422
square_recessed,removed,1e-05,3.5e-05,1.0699999999999965e-08,4.964999999999987e-13,2.0807961775526275e-05,4.1595983993556237e-05,0.00010938441230874869,0.00017565964747087137,0.00017565964747087137,353795866.00377,62.27065457756158,0.0,21550.85599194359,4.640186915887854e-05,9.157583977409113e-07,1.8306392555564099e-06,4.81400798570803e-06,7.73078108519305e-06,7.73078108519305e-06,15570556.062825918
square_recessed,removed,2e-05,5e-06,1.0200000000000298e-08,4.97999999999999e-13,1.962632052638065e-05,3.909680417085545e-05,0.00010452465469295088,0.0001761920200917059,0.0001761920200917059,353799237.13194025,59.32428417504211,0.0,20481.927710844015,4.882352941176318e-05,8.637543663660124e-07,1.7206503515593483e-06,4.600130053036769e-06,7.754210804235976e-06,7.754210804235976e-06,15570704.42617669
square_recessed,removed,2e-05,1.25e-05,1.0500000000000185e-08,4.949999999999985e-13,2.0205109085579864e-05,4.0068977703389105e-05,0.00010597752097896886,0.0001751317152723317,0.0001751317152723317,353801444.9946106,60.513037752284134,0.0,21212.12121212165,4.714285714285617e-05,8.892268508563698e-07,1.7634357087261544e-06,4.6640706982844194e-06,7.707546789135319e-06,7.707546789135319e-06,15570801.594212813
square_recessed,removed,2e-05,2e-05,1.0800000000000242e-08,4.919999999999986e-13,2.082154754264467e-05,4.1287072469565254e-05,0.00010804989639949517,0.00017406716460572662,0.00017406716460572662,353795050.0116405,62.07368095196769,0.0,21951.219512195676,4.555555555555441e-05,9.16356307351792e-07,1.8170440593855668e-06,4.755275940541782e-06,7.660695914298028e-06,7.660695914298028e-06,15570520.151012298
square_recessed,removed,2e-05,2.75e-05,1.110000000000026e-08,4.889999999999987e-13,2.1432375851513687e-05,4.258154270510158e-05,0.0001102458146391813,0.00017300610451168242,0.00017300610451168242,353795714.74781775,63.72365585038465,0.0,22699.386503068075,4.405405405405291e-05,9.432388612251174e-07,1.8740136944515205e-06,4.851918302270369e-06,7.613998659559143e-06,7.613998659559143e-06,15570549.406051459
square_recessed,removed,2e-05,3.5e-05,1.1400000000000261e-08,4.859999999999987e-13,2.2061918637740002e-05,4.38740467250049e-05,0.00011181029221492847,0.00017193652763088769,0.00017193652763088769,353778863.43804145,65.02998156096426,0.0,23456.790123457387,4.2631578947367334e-05,9.709450392469375e-07,1.9308967963674656e-06,4.9207709603790024e-06,7.566926581035367e-06,7.566926581035367e-06,15569807.779908204
square_recessed,removed,5e-05,5e-06,1.0499999999999982e-08,4.87499999999999e-13,1.995216044826127e-05,3.953586820546253e-05,0.000104956567346477,0.00017247565614947205,0.00017247565614947205,353796217.7425075,60.85297466879547,0.0,21538.461538461546,4.6428571428571416e-05,8.780945813279785e-07,1.7399735597224058e-06,4.619138528918453e-06,7.590653627138265e-06,7.590653627138265e-06,15570571.542847756
square_recessed,removed,5e-05,1.25e-05,1.1250000000000208e-08,4.687499999999985e-13,2.1337370142547274e-05,4.1833145191374146e-05,0.00010792786348953831,0.00016584132267707328,0.00016584132267707328,353794821.7110908,65.07899343018131,0.0,24000.00000000052,4.166666666666576e-05,9.390576599735055e-07,1.8410767198723761e-06,4.749905272174581e-06,7.298676611017995e-06,7.298676611017995e-06,15570510.103505107
square_recessed,removed,5e-05,2e-05,1.1999999999999906e-08,4.49999999999999e-13,2.282946982793546e-05,4.468527790415337e-05,0.00011138823133936896,0.00015920480632304412,0.00015920480632304412,353788458.4956544,69.96536970959907,0.0,26666.666666666515,3.7500000000000214e-05,1.0047249671274396e-06,1.9665990805617895e-06,4.902196061245628e-06,7.0066035262771715e-06,7.0066035262771715e-06,15570230.05839375
square_recessed,removed,5e-05,2.75e-05,1.2749999999999836e-08,4.3124999999999905e-13,2.4323941245368875e-05,4.771624788529748e-05,0.00011340744962771285,0.00015256631303677866,0.00015256631303677866,353776957.766444,74.33321771390916,0.0,29565.217391304035,3.382352941176507e-05,1.0704966542086842e-06,2.099992069431942e-06,4.991061858115643e-06,6.714443436748629e-06,6.714443436748629e-06,15569723.911301201
square_recessed,removed,5e-05,3.5e-05,1.350000000000001e-08,4.124999999999991e-13,2.5830854425086217e-05,5.064078549405162e-05,0.00011238183865893405,0.00014592843057294902,0.00014592843057294902,353765892.298059,77.0116133077679,0.0,32727.272727272823,3.0555555555555466e-05,1.1368159032480443e-06,2.228700969593212e-06,4.9459247193796875e-06,6.4223102295154865e-06,6.4223102295154865e-06,15569236.920037577
square_recessed,removed,8e-05,5e-06,1.0800000000000016e-08,4.679999999999985e-13,2.02796818668914e-05,3.997091106146223e-05,0.00010518252977543191,0.00016559205020285063,0.00016559205020285063,353829167.10010934,63.51906969361335,0.0,23076.923076923184,4.333333333333313e-05,8.925087989618906e-07,1.7591197958149528e-06,4.629083135416759e-06,7.287706129427456e-06,7.287706129427456e-06,15572021.644075813
square_recessed,removed,8e-05,1.25e-05,1.1999999999999892e-08,4.199999999999991e-13,2.248703314165561e-05,4.359521432906347e-05,0.00010852511534430264,0.00014858844648755508,0.00014858844648755508,353782015.44656044,73.03738474269068,0.0,28571.428571428376,3.500000000000024e-05,9.896543285642634e-07,1.918625382622083e-06,4.776190326302759e-06,6.539377529917299e-06,6.539377529917299e-06,15569946.499803126
square_recessed,removed,8e-05,2e-05,1.32e-08,3.71999999999999e-13,2.486641197832087e-05,4.809360602689651e-05,0.0001102950271778206,0.0001316019726212822,0.0001316019726212822,353768743.6055982,83.80955466011312,0.0,35483.870967742034,2.8181818181818107e-05,1.0943707911659014e-06,2.1165996012437154e-06,4.854084146095885e-06,5.7918028150626295e-06,5.7918028150626295e-06,15569362.406082377
square_recessed,removed,8e-05,2.75e-05,1.4399999999999997e-08,3.239999999999988e-13,2.721520464930599e-05,5.281900401869469e-05,0.00010641224646902871,0.00011462098984716972,0.00011462098984716972,353768487.18262386,92.83835937110108,0.0,44444.4444444446,2.2499999999999923e-05,1.1977411566159566e-06,2.3245643668627533e-06,4.683202967101954e-06,5.044469763173939e-06,5.044469763173939e-06,15569351.120907277
square_recessed,removed,8e-05,3.5e-05,1.5600000000000007e-08,2.759999999999991e-13,2.9581221288093457e-05,5.728128069707663e-05,9.50811205368582e-05,9.764010357613703e-05,9.764010357613703e-05,353768491.21788895,97.37916804104637,0.0,56521.739130434995,1.7692307692307623e-05,1.301869548888993e-06,2.5209491634783424e-06,4.18452011482713e-06,4.297140958385791e-06,4.297140958385791e-06,15569351.298499294
cone_recessed,removed,5e-06,5e-06,1.000812954118924e-08,4.999672798396583e-13,1.940172303838328e-05,3.8818188480084865e-05,0.00010419576529545158,0.00017689290515101748,0.00017689290515101748,353808963.67407846,58.90330378513332,0.0,20017.569038515663,4.995611595373579e-05,8.538698309192483e-07,1.708388475008535e-06,4.585655630652824e-06,7.785056755696279e-06,7.785056755696279e-06,15571132.491296193
cone_recessed,removed,5e-06,1.25e-05,1.0033226075333195e-08,4.999181920670197e-13,1.9455062356168646e-05,3.890284246039303e-05,0.00010432684197424457,0.00017695337577310625,0.00017695337577310625,353964665.7815238,58.957248777223036,0.0,20069.735877881652,4.982626607966848e-05,8.562172942949821e-07,1.7121140966818975e-06,4.591424315286504e-06,7.787718067774405e-06,7.787718067774405e-06,15577984.941044863
cone_recessed,removed,5e-06,2e-05,1.0061284414713326e-08,4.998691201129019e-13,1.953561356823828e-05,3.907576606182367e-05,0.00010464570941287962,0.00017685751623164762,0.00017685751623164762,353807645.0725783,59.16950076117482,0.0,20127.83748762247,4.9682436109440264e-05,8.597623531381667e-07,1.7197244643808597e-06,4.6054576712608324e-06,7.783499289354811e-06,7.783499289354811e-06,15571074.459644172
cone_recessed,removed,5e-06,2.75e-05,1.0090035150311521e-08,4.99820156399741e-13,1.96218134064208e-05,3.927524018349391e-05,0.00010511133088321451,0.00017679240755177065,0.00017679240755177065,353712040.7972852,59.45466343198842,0.0,20187.331425349355,4.953601736306235e-05,8.635560080165794e-07,1.7285033204755669e-06,4.62594967217027e-06,7.780633856353427e-06,7.780633856353427e-06,15566866.915488522
cone_recessed,removed,5e-06,3.5e-05,1.01191830934647e-08,4.997709370627977e-13,1.9708795978614792e-05,3.9494492809348496e-05,0.00010569706659946845,0.0001768222778343009,0.0001768222778343009,353806643.64659256,59.775876599959055,0.0,20247.64215569661,4.938846668221332e-05,8.67384111018837e-07,1.7381526285394273e-06,4.651727901042607e-06,7.781948447487583e-06,7.781948447487583e-06,15571030.386886539
cone_recessed,removed,1e-05,5e-06,1.000926507058915e-08,4.998691354892848e-13,1.9403909961655018e-05,3.8824238956967284e-05,0.00010420409463794992,0.00017685748004869095,0.00017685748004869095,353807561.80430764,58.919811935158926,0.0,20023.770943152602,4.9940643190485735e-05,8.539660774124374e-07,1.70865475649613e-06,4.586022205016176e-06,7.78349769694289e-06,7.78349769694289e-06,15571070.795007579
cone_recessed,removed,1e-05,1.25e-05,1.0047160462314964e-08,4.996727996789711e-13,1.9473761697740636e-05,3.893235271502333e-05,0.00010438267211762821,0.00017678617976325475,0.00017678617976325475,353803889.0186459,59.0445883594597,0.0,20107.479271975673,4.973273807591221e-05,8.570402523175654e-07,1.7134128429881768e-06,4.5938813998968175e-06,7.780359771380842e-06,7.780359771380842e-06,15570909.155710606
cone_recessed,removed,1e-05,2e-05,1.0096991596819949e-08,4.994765088039892e-13,1.958722420148924e-05,3.916744171542089e-05,0.00010477954910520095,0.00017679071246910592,0.00017679071246910592,353952006.4565926,59.267564252568484,0.0,20215.14809775035,4.9467854262778584e-05,8.620337371075415e-07,1.7237591098956735e-06,4.611347956119893e-06,7.780559255765352e-06,7.780559255765352e-06,15577427.804154642
cone_recessed,removed,1e-05,2.75e-05,1.015123445956336e-08,4.992801057442969e-13,1.971562494546849e-05,3.9432180563090675e-05,0.00010536723069694517,0.0001765986137838041,0.0001765986137838041,353706490.10847616,59.664811880085345,0.0,20331.74232814766,4.91841763416203e-05,8.676846538500683e-07,1.7354102665816206e-06,4.6372118229725575e-06,7.772104992625218e-06,7.772104992625218e-06,15566622.629674036
cone_recessed,removed,1e-05,3.5e-05,1.020719141631573e-08,4.990839974095988e-13,1.985204277599549e-05,3.973828357676661e-05,0.0001061041906256518,0.00017653161730276092,0.00017653161730276092,353711235.4213217,60.10492185299452,0.0,20451.850729124213,4.8895330463954634e-05,8.736884025715615e-07,1.7488818602134986e-06,4.669645429434936e-06,7.769156477494508e-06,7.769156477494508e-06,15566831.470892368
cone_recessed,removed,2e-05,5e-06,1.0009665064474526e-08,4.994764495068274e-13,1.9401679542674006e-05,3.882279928770985e-05,0.00010420760962400762,0.00017671394745067136,0.00017671394745067136,353798357.51045924,58.96965753260452,0.0,20040.31436188405,4.989941684258026e-05,8.53867916673083e-07,1.7085913966521107e-06,4.586176899552575e-06,7.777180827304047e-06,7.777180827304047e-06,15570665.714035312
cone_recessed,removed,2e-05,1.25e-05,1.0056300389317815e-08,4.986910806031754e-13,1.949902549451472e-05,3.8973018216088686e-05,0.00010443113933011646,0.00017643624306860984,0.00017643624306860984,353798674.0312403,59.189165170280155,0.0,20165.390520228568,4.958991490875751e-05,8.581521120135929e-07,1.715202531690063e-06,4.596014441918425e-06,7.764959057449519e-06,7.764959057449519e-06,15570679.644114885
cone_recessed,removed,2e-05,2e-05,1.0130116379207347e-08,4.979056845709188e-13,1.9636239770704735e-05,3.92587625751507e-05,0.00010496122482014015,0.0001761159634485218,0.0001761159634485218,353713502.18725383,59.59779157147218,0.0,20345.45234794256,4.915103301210825e-05,8.641909123087154e-07,1.7277781409323822e-06,4.619343504334368e-06,7.750863551369444e-06,7.750863551369444e-06,15566931.231261041
cone_recessed,removed,2e-05,2.75e-05,1.021987910117659e-08,4.971203984855608e-13,1.9823455950524776e-05,3.9621191678644384e-05,0.00010569805417317017,0.00017584326786417647,0.00017584326786417647,353723702.3462918,60.109241290268024,0.0,20558.15680127122,4.864249308275364e-05,8.724302963825954e-07,1.7437286457771394e-06,4.651771364161219e-06,7.738862218702407e-06,7.738862218702407e-06,15567380.140260302
cone_recessed,removed,2e-05,3.5e-05,1.0318975169382343e-08,4.963349624614616e-13,2.002820786850329e-05,4.005738091716278e-05,0.00010662046905910054,0.00017560249379946471,0.00017560249379946471,353798356.1113722,60.71694470401966,0.0,20790.345129441834,4.8099249616778603e-05,8.814414282928297e-07,1.762925334164334e-06,4.6923668432910145e-06,7.728265752114441e-06,7.728265752114441e-06,15570665.65246149
cone_recessed,removed,5e-05,5e-06,1.0009790605097126e-08,4.967276056195663e-13,1.941490504247184e-05,3.882371906457725e-05,0.00010418216652000731,0.00017574156786477035,0.00017574156786477035,353798673.3102313,59.281459580566285,0.0,20151.468313527603,4.9624175491405944e-05,8.544499709191858e-07,1.7086318760320446e-06,4.585057148545522e-06,7.734386401728543e-06,7.734386401728543e-06,15570679.612383282
cone_recessed,removed,5e-05,1.25e-05,1.006041708945748e-08,4.918189525997609e-13,1.9509617114463598e-05,3.9005999415740775e-05,0.00010447594473885776,0.00017400457985745376,0.00017400457985745376,353798036.73214185,60.04206603323055,0.0,20455.529491651334,4.888653703186404e-05,8.586182492075429e-07,1.7166540342867515e-06,4.59798632795713e-06,7.65794155952654e-06,7.65794155952654e-06,15570651.596581563
cone_recessed,removed,5e-05,2e-05,1.015123829853226e-08,4.869101663023977e-13,1.9683612990725838e-05,3.933715084697694e-05,0.00010505043387775235,0.00017227009935423442,0.00017227009935423442,353802633.98987097,60.980073890675556,0.0,20848.27756959954,4.7965593160471735e-05,8.662758077218441e-07,1.731228008775455e-06,4.623269594959881e-06,7.581607072579857e-06,7.581607072579857e-06,15570853.92189422
cone_recessed,removed,5e-05,2.75e-05,1.0277352977493423e-08,4.820014947781835e-13,1.992496472210221e-05,3.980990321931891e-05,0.00010583345685738756,0.00017053025758394957,0.00017053025758394957,353796117.71209836,62.06139506080749,0.0,21322.24295740628,4.689938117662476e-05,8.768976974197182e-07,1.7520338406822252e-06,4.657730436293627e-06,7.50503663626962e-06,7.50503663626962e-06,15570567.140509449
cone_recessed,removed,5e-05,3.5e-05,1.0433214224349787e-08,4.770927719551208e-13,2.0213896540577805e-05,4.040432735739375e-05,0.00010671099954912972,0.00016879360458907656,0.00016879360458907656,353796189.15072274,63.21981203548247,0.0,21868.3133294906,4.5728263763783106e-05,8.896135867508292e-07,1.778194446998899e-06,4.696351090157199e-06,7.42860653796526e-06,7.42860653796526e-06,15570570.284523308
cone_recessed,removed,8e-05,5e-06,1.0009807026420941e-08,4.916224737179242e-13,1.941525083147909e-05,3.882516925073805e-05,0.0001041312017423091,0.00017393765122726532,0.00017393765122726532,353803295.2640499,59.86697015142066,0.0,20360.759651041135,4.9114081062730175e-05,8.544651890933949e-07,1.7086956987249815e-06,4.582814188679024e-06,7.654996030511947e-06,7.654996030511947e-06,15570883.024570836
cone_recessed,removed,8e-05,1.25e-05,1.0060983758379661e-08,4.790561859262754e-13,1.9512986362796662e-05,3.901373403439418e-05,0.00010432828906789787,0.00016948982326687204,0.00016948982326687204,353799467.0482259,61.55430872308282,0.0,21001.677995090125,4.761524294552963e-05,8.587665298266811e-07,1.7169944348536878e-06,4.591488001878185e-06,7.459247121975038e-06,7.459247121975038e-06,15570714.544792421
cone_recessed,removed,8e-05,2e-05,1.0154686334207373e-08,4.664898755353711e-13,1.9681031941914334e-05,3.9362534086856284e-05,0.00010474318443748586,0.00016504295343291602,0.00016504295343291602,353797503.6296405,63.46419659780275,0.0,21768.288802738236,4.593838353863671e-05,8.661622157636499e-07,1.732345125162545e-06,4.609747547093753e-06,7.263540380582634e-06,7.263540380582634e-06,15570628.13474048
cone_recessed,removed,8e-05,2.75e-05,1.0288676200427023e-08,4.5392342836599376e-13,1.9934675124590167e-05,3.986485045035575e-05,0.00010515500311009385,0.00016057436873760563,0.00016057436873760563,353747699.949376,65.48679215543267,0.0,22666.105244806553,4.411873981874889e-05,8.773250522332132e-07,1.7544520683201567e-06,4.627871686875231e-06,7.066877968142024e-06,7.066877968142024e-06,15568436.274772037
cone_recessed,removed,8e-05,3.5e-05,1.045997604075886e-08,4.4135721302826373e-13,2.0264307893523995e-05,4.0512655319535095e-05,0.00010532994068215686,0.00015614908917999145,0.00015614908917999145,353792992.5481742,67.4547262717262,0.0,23699.569718120867,4.219485888958535e-05,8.91832190393991e-07,1.7829619606127396e-06,4.635570689421723e-06,6.8721214148114235e-06,6.8721214148114235e-06,15570429.602045147
square_pillar,added,5e-06,5e-06,1.0100000000000052e-08,5.001249999999989e-13,1.9425417332166273e-05,3.88354706040172e-05,0.00010420092343549779,0.00017688632799826897,0.00017688632799826897,353684234.9378042,58.908410058982916,0.0,20194.9512621846,4.951732673267291e-05,8.549126167886376e-07,1.7091490612827968e-06,4.585882640396257e-06,7.784767295203816e-06,7.784767295203816e-06,15565643.179612763
square_pillar,added,5e-06,1.25e-05,1.0249999999999994e-08,5.003124999999982e-13,1.9496283061497738e-05,3.890349627647385e-05,0.0001042836164084749,0.0001770147363797268,0.0001770147363797268,353808342.545364,58.91239257321986,0.0,20487.195502810806,4.8810975609755955e-05,8.580314175365155e-07,1.7121428711276143e-06,4.5895219581369806e-06,7.790418548071778e-06,7.790418548071778e-06,15571105.155421471
square_pillar,added,5e-06,2e-05,1.0400000000000017e-08,5.004999999999985e-13,1.955771245529442e-05,3.89678295558463e-05,0.00010433336229897551,0.00017701894667716996,0.00017701894667716996,353684209.1451958,58.93909338939216,0.0,20779.220779220876,4.812499999999978e-05,8.607349251575074e-07,1.7149741787527957e-06,4.591711274777912e-06,7.790603843262249e-06,7.790603843262249e-06,15565642.044480067
square_pillar,added,5e-06,2.75e-05,1.0550000000000015e-08,5.006874999999983e-13,1.9624150359111857e-05,3.9034231280211514e-05,0.00010441068472434134,0.00017714238152862654,0.00017714238152862654,353798290.40794337,58.94167382381521,0.0,21071.02733741116,4.7458530805686974e-05,8.636588573045128e-07,1.7178965186421088e-06,4.595114234718263e-06,7.796036211074854e-06,7.796036211074854e-06,15570662.760853589
square_pillar,added,5e-06,3.5e-05,1.070000000000005e-08,5.008749999999988e-13,1.969617447337653e-05,3.911201619815509e-05,0.0001045040533689026,0.00017721406292019857,0.00017721406292019857,353808960.16011775,58.970519408474885,0.0,21362.615423009884,4.681074766355107e-05,8.668286385733011e-07,1.7213198328808055e-06,4.599223388765403e-06,7.799190909117939e-06,7.799190909117939e-06,15571132.336646782
square_pillar,added,1e-05,5e-06,1.0200000000000053e-08,5.004999999999985e-13,1.9530275390144382e-05,3.892885353160026e-05,0.00010429498965003594,0.00017707710936710742,0.00017707710936710742,353800418.31589997,58.89806425166834,0.0,20379.620379620545,4.906862745097999e-05,8.595274199202542e-07,1.7132588439257275e-06,4.590022494498081e-06,7.793163583246398e-06,7.793163583246398e-06,15570756.410082757
square_pillar,added,1e-05,1.25e-05,1.049999999999991e-08,5.012499999999988e-13,1.9790707469423924e-05,3.91916587024674e-05,0.00010455901658427681,0.00017734261364005125,0.00017734261364005125,353800725.4664372,58.95876599433577,0.0,20947.630922693137,4.773809523809553e-05,8.709890357293469e-07,1.7248248994955903e-06,4.601642319874023e-06,7.804848426298655e-06,7.804848426298655e-06,15570769.927777903
square_pillar,added,1e-05,2e-05,1.0800000000000045e-08,5.019999999999986e-13,2.0040990338673096e-05,3.9462081688366537e-05,0.00010483411288729008,0.00017756981305690688,0.00017756981305690688,353724727.2049948,59.0382515375478,0.0,21513.944223107723,4.6481481481481154e-05,8.82003984805003e-07,1.7367262151050113e-06,4.613749308169637e-06,7.814847472634471e-06,7.814847472634471e-06,15567425.244291821
square_pillar,added,1e-05,2.75e-05,1.1100000000000041e-08,5.027499999999986e-13,2.030553079034203e-05,3.972713833656905e-05,0.00010509908037517199,0.0001778350897562792,0.0001778350897562792,353724693.6972246,59.09918032442809,0.0,22078.56787667841,4.52927927927925e-05,8.936464100829528e-07,1.7483913581924038e-06,4.62541052731132e-06,7.826522300173847e-06,7.826522300173847e-06,15567423.769614855
square_pillar,added,1e-05,3.5e-05,1.1400000000000064e-08,5.034999999999984e-13,2.0569370575415696e-05,3.999194173848401e-05,0.00010537540023576242,0.00017813770857603002,0.00017813770857603002,353798825.3744401,59.153899013351065,0.0,22641.509433962463,4.416666666666628e-05,9.052579990240448e-07,1.7600453559106815e-06,4.637571364375904e-06,7.83984055443108e-06,7.83984055443108e-06,15570686.304729108
square_pillar,added,2e-05,5e-06,1.0400000000000235e-08,5.019999999999987e-13,1.974609908025966e-05,3.9193042822695235e-05,0.00010459597322208727,0.0001776070174739424,0.0001776070174739424,353798839.5895276,58.89180208627346,0.0,20717.13147410411,4.8269230769229546e-05,8.690258205222276e-07,1.7248858146268173e-06,4.603268781504061e-06,7.816484839028205e-06,7.816484839028205e-06,15570686.93033511
square_pillar,added,2e-05,1.25e-05,1.1000000000000237e-08,5.04999999999999e-13,2.0539274211472052e-05,4.016368104687404e-05,0.00010561570842801984,0.00017861031170523202,0.00017861031170523202,353683785.5549156,59.13192100707031,0.0,21782.178217822297,4.590909090908982e-05,9.03933458046885e-07,1.7676036028729267e-06,4.648147327917154e-06,7.860639818147261e-06,7.860639818147261e-06,15565623.402271835
square_pillar,added,2e-05,2e-05,1.1600000000000258e-08,5.079999999999988e-13,2.139507281416083e-05,4.120472690082622e-05,0.00010668830285768291,0.00017967580545577146,0.00017967580545577146,353692530.42474777,59.378224345261124,0.0,22834.6456692919,4.379310344827479e-05,9.415971545512181e-07,1.813420030905362e-06,4.695352208766625e-06,7.907532198108502e-06,7.907532198108502e-06,15566008.26399315
square_pillar,added,2e-05,2.75e-05,1.2200000000000273e-08,5.109999999999984e-13,2.2248739605580936e-05,4.226124592007162e-05,0.00010774863905741285,0.00018073708942683932,0.00018073708942683932,353692934.29909956,59.616230071597165,0.0,23874.755381605304,4.188524590163828e-05,9.79167030041617e-07,1.859917432942352e-06,4.74201760491674e-06,7.9542393056752e-06,7.9542393056752e-06,15566026.038503371
square_pillar,added,2e-05,3.5e-05,1.2800000000000197e-08,5.139999999999987e-13,2.310278286863547e-05,4.331858543614699e-05,0.00010881082979871914,0.00018179872854497613,0.00018179872854497613,353694024.40656924,59.85236017302501,0.0,24902.723735409007,4.015624999999928e-05,1.0167534740486472e-06,1.9064509450448291e-06,4.78876461944163e-06,8.0009620432644e-06,8.0009620432644e-06,15566074.014133113
square_pillar,added,5e-05,5e-06,1.099999999999975e-08,5.124999999999988e-13,2.039445866797724e-05,4.005111403884044e-05,0.000105756813420994,0.00018132507488275378,0.00018132507488275378,353805024.16147166,58.32442837229058,0.0,21463.414634145905,4.659090909091004e-05,8.975601259776783e-07,1.7626495288493675e-06,4.654357358657946e-06,7.980116545589993e-06,7.980116545589993e-06,15570959.113346368
square_pillar,added,5e-05,1.25e-05,1.2500000000000147e-08,5.312499999999987e-13,2.2826730665366133e-05,4.3616043426436245e-05,0.00011036995350987625,0.00018788683077958473,0.00018788683077958473,353669328.526278,58.742783116797746,0.0,23529.411764706216,4.249999999999939e-05,1.0046044165827636e-06,1.9195420711974593e-06,4.857381653969654e-06,8.268899422609524e-06,8.268899422609524e-06,15564987.148441495
square_pillar,added,5e-05,2e-05,1.3999999999999986e-08,5.499999999999985e-13,2.542891850406669e-05,4.7938375332212034e-05,0.00011613995333429,0.00019452434308467814,0.00019452434308467814,353680623.79032487,59.7045858079229,0.0,25454.5454545455,3.9285714285714215e-05,1.1191267033639751e-06,2.109767898370652e-06,5.111319346242103e-06,8.561016339156685e-06,8.561016339156685e-06,15565484.253012197
square_pillar,added,5e-05,2.75e-05,1.5499999999999808e-08,5.687499999999988e-13,2.8025745441945032e-05,5.245122716299944e-05,0.0001223410405771105,0.00020115065011127258,0.00020115065011127258,353671472.7231174,60.8206041140975,0.0,27252.747252746973,3.669354838709715e-05,1.233413056900001e-06,2.3083785074436054e-06,5.384229195798634e-06,8.852640111397106e-06,8.852640111397106e-06,15565081.514544398
square_pillar,added,5e-05,3.5e-05,1.6999999999999917e-08,5.874999999999991e-13,3.063042646080252e-05,5.708003034386783e-05,0.00012874936545242597,0.00020795879897761584,0.00020795879897761584,353972423.79168713,61.91099683465868,0.0,28936.170212765865,3.455882352941188e-05,1.348045068539919e-06,2.5120921354336233e-06,5.666259573561267e-06,9.152266743004873e-06,9.152266743004873e-06,15578326.37107215
square_pillar,added,8e-05,5e-06,1.1600000000000048e-08,5.319999999999983e-13,2.1044350932840937e-05,4.088147106627354e-05,0.00010692022008462903,0.00018814511719154788,0.00018814511719154788,353656235.3224595,56.82859150459646,0.0,21804.511278195645,4.586206896551691e-05,9.261618845543296e-07,1.7991935416266983e-06,4.705558885924524e-06,8.280266607600023e-06,8.280266607600023e-06,15564410.916541444
square_pillar,added,8e-05,1.25e-05,1.4000000000000023e-08,5.799999999999986e-13,2.510658807815094e-05,4.705944808925321e-05,0.00011554665683258749,0.000205084454814458,0.000205084454814458,353593887.6111353,56.34101177347826,0.0,24137.931034482855,4.142857142857127e-05,1.1049409413194229e-06,2.0710863104080336e-06,5.085208367202175e-06,9.025766856384297e-06,9.025766856384297e-06,15561666.993766066
square_pillar,added,8e-05,2e-05,1.639999999999997e-08,6.279999999999986e-13,2.944615986547896e-05,5.460811889184198e-05,0.00012713555556254566,0.00022213688756771112,0.00022213688756771112,353721158.5473115,57.23297780689062,0.0,26114.649681528674,3.829268292682925e-05,1.2959254956797291e-06,2.4033033124299654e-06,5.595235800307634e-06,9.776244421854966e-06,9.776244421854966e-06,15567268.187667178
square_pillar,added,8e-05,2.75e-05,1.8800000000000016e-08,6.759999999999984e-13,3.378739839572389e-05,6.255560674627345e-05,0.000140320522273405,0.0002391949414751019,0.0002391949414751019,353838670.82115746,58.66366629998785,0.0,27810.650887574055,3.595744680851053e-05,1.4869834033958083e-06,2.7530722529034946e-06,6.175506185252554e-06,1.0526969374319234e-05,1.0526969374319234e-05,15572439.90283914
square_pillar,added,8e-05,3.5e-05,2.120000000000013e-08,7.239999999999986e-13,3.813471539268872e-05,7.068184636535604e-05,0.0001544814452040612,0.0002560227879922697,0.0002560227879922697,353622635.34843946,60.33894342589754,1.0,29281.76795580134,3.415094339622614e-05,1.6783088244322305e-06,3.1107080585393194e-06,6.798728403430734e-06,1.126756289953979e-05,1.126756289953979e-05,15562932.18168482
edges,removed,5e-06,5e-06,1.0207106781186476e-08,4.987499999999987e-13,1.9669010032109794e-05,3.918151143929452e-05,0.00010461487185380867,0.00017640144263961007,0.00017640144263961007,353687103.03681314,59.30499790046384,0.0,20465.37700488522,4.886301384828109e-05,8.656331315131521e-07,1.724378318443352e-06,4.604100510286119e-06,7.76342749056924e-06,7.76342749056924e-06,15565769.404650146
edges,removed,5e-06,1.25e-05,1.0846291201783683e-08,4.968749999999988e-13,2.0749393500752874e-05,4.089656683603376e-05,0.00010701621509388157,0.0001757924270679627,0.0001757924270679627,353796079.6336365,60.876464861884116,0.0,21829.01373943891,4.581059006771709e-05,9.13180807968134e-07,1.7998579064538459e-06,4.709783626281728e-06,7.736624715261038e-06,7.736624715261038e-06,15570565.464676341
edges,removed,5e-06,2e-05,1.1561552812808813e-08,4.949999999999988e-13,2.204015520084106e-05,4.326293732596667e-05,0.0001108474711738186,0.00017513043544359713,0.00017513043544359713,353798859.48201525,63.294236032159226,0.0,23356.67234910877,4.281431811232123e-05,9.69987230389015e-07,1.904001871715793e-06,4.878397206359756e-06,7.70749046387271e-06,7.70749046387271e-06,15570687.80580349
edges,removed,5e-06,2.75e-05,1.229508497187464e-08,4.931249999999988e-13,2.3426388206149107e-05,4.5915844350898434e-05,0.00011529483104647839,0.00017444910885094865,0.00017444910885094865,353762451.4087687,66.09081112875597,0.0,24932.99867553799,4.010749019856604e-05,1.0309953449526222e-06,2.02075630988304e-06,5.0741255143555136e-06,7.67750528053025e-06,7.67750528053025e-06,15569085.486499911
edges,removed,5e-06,3.5e-05,1.3035533905932761e-08,4.912499999999986e-13,2.4834459178605064e-05,4.8666025011029995e-05,0.00011938364796477993,0.00017379892517061817,0.00017379892517061817,353789160.6526588,68.69067104274734,0.0,26535.437976453533,3.768545297376886e-05,1.0929645484504088e-06,2.14179176073543e-06,5.254074346929964e-06,7.648890696758906e-06,7.648890696758906e-06,15570260.960323514
edges,removed,1e-05,5e-06,1.0118033988749914e-08,4.974999999999988e-13,1.958209825014619e-05,3.906922558754183e-05,0.00010449775623839454,0.00017601507840368438,0.00017601507840368438,353799152.5702207,59.36863886100293,0.0,20337.75676130641,4.91696312300553e-05,8.618081439889339e-07,1.719436618107716e-06,4.598946252051743e-06,7.74642360054615e-06,7.74642360054615e-06,15570700.704615414
edges,removed,1e-05,1.25e-05,1.0600781059358239e-08,4.937499999999987e-13,2.0402167282972365e-05,4.043348838368887e-05,0.0001064926831871701,0.00017468957946602053,0.00017468957946602053,353801679.9311818,60.96109654204322,0.0,21469.93632275092,4.657675667814328e-05,8.978993821236138e-07,1.779477823766147e-06,4.686742987067356e-06,7.688088392299563e-06,7.688088392299563e-06,15570811.93377131
edges,removed,1e-05,2e-05,1.1236067977499831e-08,4.899999999999986e-13,2.1528833092090964e-05,4.2498578799775556e-05,0.0001098628463560241,0.0001733619297370435,0.0001733619297370435,353799856.60621226,63.37195630128528,0.0,22930.750974489514,4.360956172401423e-05,9.474839443829233e-07,1.8703624529781222e-06,4.8350638681286206e-06,7.629658527727285e-06,7.629658527727285e-06,15570731.689239401
edges,removed,1e-05,2.75e-05,1.1926174977679828e-08,4.862499999999986e-13,2.2810150661360544e-05,4.491770368393084e-05,0.00011381241394578108,0.00017203290698562126,0.00017203290698562126,353795181.46143293,66.1573509045532,0.0,24526.8380003699,4.07716640842541e-05,1.0038747306064776e-06,1.9768281391297963e-06,5.008884337753825e-06,7.571168236437192e-06,7.571168236437192e-06,15570525.936117664
edges,removed,1e-05,3.5e-05,1.2640054944640197e-08,4.824999999999989e-13,2.4155545844816e-05,4.751056993779657e-05,0.0001173706975024298,0.00017068483135567104,0.00017068483135567104,353750945.8148631,68.76457419807512,0.0,26197.005066611866,3.8172302423779805e-05,1.0630855726303522e-06,2.090940182962427e-06,5.165484397081936e-06,7.511839427963082e-06,7.511839427963082e-06,15568579.125312125
edges,removed,2e-05,5e-06,1.0061552812808759e-08,4.94999999999999e-13,1.950396642434542e-05,3.8971331812517746e-05,0.00010438374401629244,0.00017513146842041278,0.00017513146842041278,353800946.3038649,59.603077024235006,0.0,20326.369318805613,4.919717753405262e-05,8.583695623354419e-07,1.715128313068906e-06,4.5939285741570305e-06,7.707535925182366e-06,7.707535925182366e-06,15570779.646833094
edges,removed,2e-05,1.25e-05,1.0358495283014165e-08,4.87499999999999e-13,2.001775248932203e-05,3.990067309774483e-05,0.00010585107986620557,0.00017247915727600904,0.00017247915727600904,353803399.5405321,61.37036007012594,0.0,21248.195452336793,4.706282009891922e-05,8.809812870550626e-07,1.7560286230317501e-06,4.6585060249117075e-06,7.590807711717158e-06,7.590807711717158e-06,15570887.613778818
edges,removed,2e-05,2e-05,1.0828427124746289e-08,4.799999999999989e-13,2.0875677209774023e-05,4.1460545641870844e-05,0.00010835560359509699,0.0001698140742713018,0.0001698140742713018,353779321.3985462,63.80837634340233,0.0,22559.223176554824,4.4327767502175005e-05,9.187385540021547e-07,1.8246786136987358e-06,4.768730114220219e-06,7.473517408679992e-06,7.473517408679992e-06,15569827.934750019
edges,removed,2e-05,2.75e-05,1.1400367627183813e-08,4.724999999999989e-13,2.1919508487848773e-05,4.3435821217315856e-05,0.0001113262581147264,0.00016714588540703865,0.00016714588540703865,353747905.623363,66.60424684916495,0.0,24127.76217393405,4.144603186947566e-05,9.646775685502246e-07,1.911610491774071e-06,4.899468619629108e-06,7.356090416763771e-06,7.356090416763771e-06,15568445.326484207
edges,removed,2e-05,3.5e-05,1.2031128874149238e-08,4.649999999999982e-13,2.309934190014344e-05,4.568518584566946e-05,0.00011377931924616424,0.0001644951713242333,0.0001644951713242333,353753056.61125576,69.16878977675034,0.0,25873.39542827803,3.864973975959342e-05,1.0166020370253127e-06,2.010605029067913e-06,5.007427840023688e-06,7.239432489979507e-06,7.239432489979507e-06,15568672.021461366
edges,removed,5e-05,5e-06,1.00249378105603e-08,4.874999999999984e-13,1.944333473125924e-05,3.887610454176833e-05,0.00010417457542186075,0.00017247883733305212,0.00017247883733305212,353802743.2472876,60.39846802811082,0.0,20563.974996021196,4.862873059286856e-05,8.557011615227192e-07,1.7109373608832241e-06,4.584723064316092e-06,7.590793631027624e-06,7.590793631027624e-06,15570858.730313126
edges,removed,5e-05,1.25e-05,1.0153882032022039e-08,4.687499999999986e-13,1.9671560249135887e-05,3.932879655151574e-05,0.00010472977116170918,0.0001658429815861371,0.0001658429815861371,353798360.7170936,63.149956760342995,0.0,21661.615001647082,4.616460960662273e-05,8.657453665644704e-07,1.7308603362322077e-06,4.609157228826821e-06,7.298749619605894e-06,7.298749619605894e-06,15570665.855159288
edges,removed,5e-05,2e-05,1.0385164807134416e-08,4.4999999999999864e-13,2.009925308616229e-05,4.014864146122142e-05,0.00010556111275715225,0.00015918738336037177,0.00015918738336037177,353749740.8008272,66.31248691247143,0.0,23078.144015854326,4.333104080263194e-05,8.845681283220024e-07,1.7669417107083549e-06,4.64574457244227e-06,7.005836741689962e-06,7.005836741689962e-06,15568526.092644405
edges,removed,5e-05,2.75e-05,1.0706356105256615e-08,4.3124999999999905e-13,2.0700784493904698e-05,4.130003040317874e-05,0.00010608295171884172,0.00015256563028287598,0.00015256563028287598,353775374.56898856,69.5326670378843,0.0,24826.332997696554,4.027981096091728e-05,9.110415255767458e-07,1.8176143380438965e-06,4.668710705146224e-06,6.714413388749372e-06,6.714413388749372e-06,15569654.234781187
edges,removed,5e-05,3.5e-05,1.1103277807866745e-08,4.12499999999999e-13,2.1449685775546404e-05,4.274437926405274e-05,0.00010536653318799019,0.0001459342380900214,0.0001459342380900214,353779971.1273255,72.20137958509332,0.0,26917.037109980054,3.7151191489394244e-05,9.440006709817972e-07,1.8811801314109612e-06,4.637181125603448e-06,6.422565818341842e-06,6.422565818341842e-06,15569856.529313594
edges,removed,8e-05,5e-06,1.0015609770940715e-08,4.799999999999984e-13,1.942699162412033e-05,3.884591060160652e-05,0.0001040192969948545,0.00016982478558446595,0.00016982478558446595,353801636.63430524,61.25095146557291,0.0,20865.853689459895,4.792518987637379e-05,8.549819013775358e-07,1.709608525576703e-06,4.577889260743547e-06,7.473988813572346e-06,7.473988813572346e-06,15570810.028275773
edges,removed,8e-05,1.25e-05,1.0097067370350888e-08,4.499999999999991e-13,1.957637997455521e-05,3.9147432868267675e-05,0.00010397568879293769,0.000159218559430801,0.000159218559430801,353819020.9573363,65.30374923918792,0.0,22437.927489668687,4.4567396006624935e-05,8.615564826801749e-07,1.7228785205324604e-06,4.575970063777188e-06,7.007208800549553e-06,7.007208800549553e-06,15571575.11233237
edges,removed,8e-05,2e-05,1.0246211251235288e-08,4.199999999999989e-13,1.9848451090517096e-05,3.9687008404215286e-05,0.00010365405690190248,0.0001485817061636589,0.0001485817061636589,353765967.05633163,69.76232779810067,0.0,24395.7410743698,4.099076133623182e-05,8.735303324936574e-07,1.7466252398695148e-06,4.561815044252728e-06,6.539080888262628e-06,6.539080888262628e-06,15569240.210149156
edges,removed,8e-05,2.75e-05,1.0459462157844353e-08,3.899999999999991e-13,2.0251720108876896e-05,4.046795964662081e-05,0.00010227672452550207,0.00013796834316951126,0.00013796834316951126,353764982.4859271,74.13057385188891,0.0,26819.133738062505,3.728681208598362e-05,8.912782019916723e-07,1.7809949040477819e-06,4.501198646367346e-06,6.07198678289019e-06,6.07198678289019e-06,15569196.879205652
edges,removed,8e-05,3.5e-05,1.073212459828659e-08,3.599999999999991e-13,2.0770073918920826e-05,4.147321979107594e-05,9.878650909702144e-05,0.00012735572448608465,0.00012735572448608465,353765901.350236,77.56738811361025,0.0,29811.457217462823,3.354415024751707e-05,9.140909531717055e-07,1.825236403005252e-06,4.347594265359914e-06,5.6049254346325854e-06,5.6049254346325854e-06,15569237.318423886
cylindrical_pillars,added,5e-06,5e-06,1.0089269784305161e-08,5.000981738034108e-13,1.941837986863674e-05,3.883487571643026e-05,0.00010422018374418309,0.0001769376822006572,0.0001769376822006572,353805895.4604614,58.902197908296095,0.0,20174.578338434938,4.956733088665763e-05,8.546028980187029e-07,1.7091228802800959e-06,4.586730286581498e-06,7.787027393650923e-06,7.787027393650923e-06,15570997.459214905
cylindrical_pillars,added,5e-06,1.25e-05,1.0223174035202205e-08,5.002454319490814e-13,1.946812523340885e-05,3.887468994912111e-05,0.00010424524597875791,0.00017706074305803856,0.00017706074305803856,353947745.94575626,58.875414266496925,0.0,20436.31662036405,4.893249691598222e-05,8.567921915223234e-07,1.71087510466082e-06,4.587833275525136e-06,7.792443301984277e-06,7.792443301984277e-06,15577240.299072733
cylindrical_pillars,added,5e-06,2e-05,1.0357077903761704e-08,5.003926881062049e-13,1.952513862600247e-05,3.894108297883203e-05,0.00010431525752231874,0.00017698240845097883,0.00017698240845097883,353687039.5144853,58.94103173040066,0.0,20697.900169083776,4.831407977770078e-05,8.593013509303687e-07,1.7137970618983977e-06,4.590914483557248e-06,7.788995795927578e-06,7.788995795927578e-06,15565766.609032499
cylindrical_pillars,added,5e-06,2.75e-05,1.0490982202146372e-08,5.00539946386133e-13,1.956996649742199e-05,3.8974153208429616e-05,0.00010435941489757134,0.0001770608843129658,0.0001770608843129658,353739767.60762906,58.93984733133365,0.0,20959.3305746936,4.771144748331824e-05,8.612742255515418e-07,1.7152524827029875e-06,4.592857849642115e-06,7.792449518613626e-06,7.792449518613626e-06,15568087.172411755
cylindrical_pillars,added,5e-06,3.5e-05,1.0624886648677406e-08,5.006872056068679e-13,1.9622964262174353e-05,3.902661660623544e-05,0.00010441281749407031,0.00017714408206636928,0.00017714408206636928,353801894.84102803,58.94231197345374,0.0,21220.607456504305,4.712400444000914e-05,8.636066571782932e-07,1.7175613968404217e-06,4.595208097914035e-06,7.796111051740913e-06,7.796111051740913e-06,15570821.391953643
cylindrical_pillars,added,1e-05,5e-06,1.0178539170723658e-08,5.003926922146001e-13,1.9495183048094296e-05,3.890891499549637e-05,0.0001042769865826895,0.00017698087882637816,0.00017698087882637816,353683979.7621935,58.919916814848314,0.0,20341.102756069937,4.91615431076662e-05,8.5798300594663e-07,1.7123813489517953e-06,4.589230179504165e-06,7.788928477148903e-06,7.788928477148903e-06,15565631.949334135
cylindrical_pillars,added,1e-05,1.25e-05,1.044634862366869e-08,5.009817352248131e-13,1.96974295819955e-05,3.911358467227304e-05,0.00010449491046621099,0.00017724702510620805,0.00017724702510620805,353799375.59334236,58.95439452571725,0.0,20851.755441704758,4.795759296121132e-05,8.668838759036219e-07,1.7213888614267366e-06,4.5988210096179455e-06,7.800641574924216e-06,7.800641574924216e-06,15570710.519862998
cylindrical_pillars,added,1e-05,2e-05,1.0714155611176584e-08,5.015707508339234e-13,1.9920385464111313e-05,3.9318908461421695e-05,0.00010468416099168143,0.0001774553926888983,0.0001774553926888983,353799324.2107056,58.991817270499055,0.0,21361.2049613399,4.681383853625428e-05,8.766961642755388e-07,1.730425161387169e-06,4.6071499252439e-06,7.809811832238413e-06,7.809811832238413e-06,15570708.258513153
cylindrical_pillars,added,1e-05,2.75e-05,1.0981963982860985e-08,5.021597826501077e-13,2.0114499633696525e-05,3.953092780660081e-05,0.00010491285880742906,0.00017766458765594041,0.00017766458765594041,353800909.1813962,59.05108057358057,0.0,21869.461399127897,4.572586319111991e-05,8.852391288789841e-07,1.7397561327685017e-06,4.617214916114953e-06,7.819018502737937e-06,7.819018502737937e-06,15570778.013073247
cylindrical_pillars,added,1e-05,3.5e-05,1.124977267323474e-08,5.027488165886801e-13,2.0323736722730762e-05,3.974036711391373e-05,0.00010512209305859379,0.00017787276935560958,0.00017787276935560958,353800473.4899948,59.0995987971773,0.0,22376.52740700263,4.4689686733387175e-05,8.944476531673808e-07,1.748973556683343e-06,4.626423315508713e-06,7.828180579340377e-06,7.828180579340377e-06,15570758.838294672
cylindrical_pillars,added,2e-05,5e-06,1.035707930544835e-08,5.015707885365391e-13,1.968825705916101e-05,3.9137071090236286e-05,0.00010454233233220776,0.00017745447939547786,0.00017745447939547786,353797476.7494866,58.91219691289001,0.0,20649.28728339179,4.8427821564781045e-05,8.664801931736761e-07,1.722422498681299e-06,4.600908045940464e-06,7.80977163819498e-06,7.80977163819498e-06,15570626.951744907
cylindrical_pillars,added,2e-05,1.25e-05,1.0892698440177737e-08,5.039269762841309e-13,2.039265295979979e-05,3.991888223045584e-05,0.00010533000112615556,0.00017828964982908988,0.00017828964982908988,353800566.78800267,59.07802344506587,0.0,21615.628757362,4.626282266526312e-05,8.974806567607887e-07,1.7568300069623614e-06,4.635573349562106e-06,7.846527488978245e-06,7.846527488978245e-06,15570762.944339998
cylindrical_pillars,added,2e-05,2e-05,1.1428317077497084e-08,5.06283149504047e-13,2.112248914212433e-05,4.074802212189878e-05,0.00010616280245596548,0.00017912121328895585,0.00017912121328895585,353796513.7975109,59.268693253380945,0.0,22572.97539665742,4.430076152690437e-05,9.296007471448917e-07,1.7933204535847653e-06,4.672224936087041e-06,7.883124596846948e-06,7.883124596846948e-06,15570584.572228456
cylindrical_pillars,added,2e-05,2.75e-05,1.1963935979170148e-08,5.086393306375966e-13,2.1853017213692303e-05,4.157991363711746e-05,0.00010699660224427995,0.00017995647917008704,0.00017995647917008704,353799771.921895,59.456932441510716,0.0,23521.452743681755,4.251438084616675e-05,9.617512875745982e-07,1.8299319991695395e-06,4.708920464770761e-06,7.919884648275531e-06,7.919884648275531e-06,15570727.9622826
cylindrical_pillars,added,2e-05,3.5e-05,1.2499554651886634e-08,5.109955052610668e-13,2.2571248714585244e-05,4.2414341054218095e-05,0.0001078540495756492,0.00018073564016394771,0.00018073564016394771,353693209.2418507,59.67503115479234,0.0,24461.183167356103,4.0881096926436424e-05,9.933606559288966e-07,1.8666551497961384e-06,4.746656721824321e-06,7.954175523615338e-06,7.954175523615338e-06,15566038.138733849
cylindrical_pillars,added,5e-05,5e-06,1.0892699060381416e-08,5.098174759358e-13,2.027395271380243e-05,3.988992529759649e-05,0.00010550715367440677,0.00018031097394542676,0.00018031097394542676,353677507.06163096,58.51399466476164,0.0,21365.880093433883,4.680359506029981e-05,8.922566589344451e-07,1.7555556123472216e-06,4.643369833210642e-06,7.935485963338233e-06,7.935485963338233e-06,15565347.085782379
cylindrical_pillars,added,5e-05,1.25e-05,1.2231747653772615e-08,5.245436895567297e-13,2.244929979304685e-05,4.30216337235811e-05,0.00010940339278273277,0.00018557762867020024,0.00018557762867020024,353788697.4238967,58.952899423647274,0.0,23318.834822146393,4.288378933283059e-05,9.87993683891992e-07,1.8933821001748041e-06,4.814843316368069e-06,8.167271437775512e-06,8.167271437775512e-06,15570240.573625693
cylindrical_pillars,added,5e-05,2e-05,1.3570796217650341e-08,5.392699014673288e-13,2.4747321309047316e-05,4.679420472463855e-05,0.0001141720825553389,0.00019073190316719064,0.00019073190316719064,353685422.917574,59.859981817126105,0.0,25165.12822377964,3.973752850005572e-05,1.0891296108111725e-06,2.0594129499313424e-06,5.024713353260465e-06,8.39411105838806e-06,8.39411105838806e-06,15565695.462602431
cylindrical_pillars,added,5e-05,2.75e-05,1.490984480928849e-08,5.539961150315846e-13,2.7059837381731203e-05,5.078222167655608e-05,0.00011918363531779288,0.00019611632725536317,0.00019611632725536317,354003073.1879449,60.77190868591161,0.0,26913.26600447089,3.7156397140127026e-05,1.1909034431699902e-06,2.2349255759852333e-06,5.2452717903360645e-06,8.631079562508533e-06,8.631079562508533e-06,15579675.251001455
cylindrical_pillars,added,5e-05,3.5e-05,1.624889340050927e-08,5.687223284587553e-13,2.936789707876502e-05,5.476892663837512e-05,0.00012429888960228784,0.00020132184984442136,0.00020132184984442136,353989705.9959051,61.741380629248255,0.0,28570.872968086158,3.500068062733001e-05,1.2924811504364485e-06,2.410380461354889e-06,5.470394131396688e-06,8.860174611652985e-06,8.860174611652985e-06,15579086.960879784
cylindrical_pillars,added,8e-05,5e-06,1.1428318525132002e-08,5.251327407163653e-13,2.0854813762545183e-05,4.0631329057713645e-05,0.00010654301959187695,0.00018572147081748035,0.00018572147081748035,353665761.84933066,57.36709876510895,0.0,21762.723286957775,4.595013164548629e-05,9.178203536896135e-07,1.7881847918299776e-06,4.688958292238504e-06,8.17360193067731e-06,8.17360193067731e-06,15564830.178989043
cylindrical_pillars,added,8e-05,1.25e-05,1.3570796305547593e-08,5.628318510970873e-13,2.4478621023469495e-05,4.611112270754451e-05,0.00011405453182695463,0.0001990381111866872,0.0001990381111866872,353636900.2548748,57.30286081743286,0.0,24111.63525855018,4.147375278685804e-05,1.0773041112428924e-06,2.029350510359034e-06,5.0195399457042735e-06,8.759667273326104e-06,8.759667273326104e-06,15563559.980217041
cylindrical_pillars,added,8e-05,2e-05,1.5713274087774065e-08,6.005309614800493e-13,2.834876037932789e-05,5.280349873370161e-05,0.00012397738850305432,0.00021236820608734434,0.00021236820608734434,353634066.6998226,58.37850721028551,0.0,26165.635238935283,3.821806697480705e-05,1.2476289442942204e-06,2.323881979270208e-06,5.456244868019421e-06,9.346324749904024e-06,9.346324749904024e-06,15563435.275459193
cylindrical_pillars,added,8e-05,2.75e-05,1.785575187817955e-08,6.38230072644162e-13,3.221591496602101e-05,5.984293204182639e-05,0.00013512455111423905,0.00022569963925025732,0.00022569963925025732,353633664.2916129,59.869192331500365,0.0,27976.98297763356,3.574366831475212e-05,1.4178224176545846e-06,2.6336874391607793e-06,5.946831494537661e-06,9.933041123403825e-06,9.933041123403825e-06,15563417.565473884
cylindrical_pillars,added,8e-05,3.5e-05,1.9998229664405545e-08,6.759291834835957e-13,3.608700178237779e-05,6.70358473456725e-05,0.00014697589315160653,0.00023907945618739218,0.00023907945618739218,353704888.070119,61.47575182553777,0.0,29586.279381131186,3.379945099273806e-05,1.5881889484424464e-06,2.9502476416830466e-06,6.468409057602203e-06,1.052188686680713e-05,1.052188686680713e-05,15566552.123965938
grooves,removed,5e-06,5e-06,1.0499999999999924e-08,4.974999999999984e-13,1.994449602101929e-05,3.9513673073897194e-05,0.00010500898773456636,0.00017601687253965333,0.00017601687253965333,353802758.8736761,59.658478314861426,0.0,21105.527638190866,4.7380952380952575e-05,8.77757269885059e-07,1.7389967519822156e-06,4.621445550198266e-06,7.746502560470143e-06,7.746502560470143e-06,15570859.418030486
grooves,removed,5e-06,1.25e-05,1.124999999999999e-08,4.937499999999983e-13,2.1306641016319244e-05,4.172039972059601e-05,0.00010813446304209161,0.00017468774493767188,0.00017468774493767188,353797964.4307291,61.90157362250781,0.0,22784.81012658234,4.3888888888888775e-05,9.3770527112821e-07,1.8361147917034304e-06,4.758997718482452e-06,7.68800765470694e-06,7.68800765470694e-06,15570648.414596388
grooves,removed,5e-06,2e-05,1.1999999999999997e-08,4.899999999999985e-13,2.274684094009787e-05,4.4436814115134186e-05,0.00011244426665958085,0.00017336040642685163,0.00017336040642685163,353796747.80990237,64.86156151636968,0.0,24489.795918367414,4.083333333333322e-05,1.0010884697737072e-06,1.9556641892070557e-06,4.948672175688153e-06,7.62959148684574e-06,7.62959148684574e-06,15570594.871113803
grooves,removed,5e-06,2.75e-05,1.2749999999999886e-08,4.862499999999986e-13,2.4198475042447952e-05,4.7298999084229125e-05,0.00011684678520008647,0.00017203135492680703,0.00017203135492680703,353791989.5666993,67.92179556441931,0.0,26221.079691516552,3.8137254901961014e-05,1.0649748866181343e-06,2.081628949696924e-06,5.142427016655806e-06,7.571099930328777e-06,7.571099930328777e-06,15570385.460830437
grooves,removed,5e-06,3.5e-05,1.3500000000000048e-08,4.824999999999982e-13,2.5654599071669955e-05,5.0198162064057855e-05,0.00012012107860443955,0.00017070195470273133,0.00017070195470273133,353786434.6170611,70.3688946114438,0.0,27979.274611399167,3.574074074074048e-05,1.1290589051441947e-06,2.209221112439186e-06,5.286528669381385e-06,7.512593026467206e-06,7.512593026467206e-06,15570140.987496858
grooves,removed,1e-05,5e-06,1.0500000000000026e-08,4.949999999999985e-13,1.992953297617557e-05,3.952332013339189e-05,0.00010502775586841936,0.00017516385277176107,0.00017516385277176107,353866369.23588204,59.95972011718125,0.0,21212.12121212133,4.7142857142856885e-05,8.770987462814868e-07,1.739421319070577e-06,4.622271535769136e-06,7.708961160485205e-06,7.708961160485205e-06,15573658.910071168
grooves,removed,1e-05,1.25e-05,1.124999999999991e-08,4.874999999999987e-13,2.130780503136921e-05,4.173593518395374e-05,0.00010813332792312963,0.0001724423336909264,0.0001724423336909264,353727863.98138845,62.70694997490595,0.0,23076.923076922954,4.333333333333356e-05,9.37756499430559e-07,1.8367985074458042e-06,4.758947761896935e-06,7.589187105737671e-06,7.589187105737671e-06,15567563.293820906
grooves,removed,1e-05,2e-05,1.199999999999999e-08,4.799999999999988e-13,2.2747372020360946e-05,4.445250457459028e-05,0.000112222740657394,0.00016982521016766552,0.00016982521016766552,353802521.1826374,66.08132005053808,0.0,25000.000000000044,3.999999999999993e-05,1.0011118426160852e-06,1.9563547263277182e-06,4.93892281633191e-06,7.47400749947896e-06,7.47400749947896e-06,15570848.957247872
grooves,removed,1e-05,2.75e-05,1.2749999999999998e-08,4.724999999999989e-13,2.420027910603108e-05,4.7314656450809524e-05,0.00011593544135234587,0.00016716471203027223,0.00016716471203027223,353787750.32861924,69.35401613430882,0.0,26984.12698412704,3.705882352941169e-05,1.065054283456428e-06,2.0823180304001273e-06,5.102318773916742e-06,7.356918976452281e-06,7.356918976452281e-06,15570198.891962534
grooves,removed,1e-05,3.5e-05,1.3500000000000035e-08,4.649999999999987e-13,2.565709285551312e-05,5.0191186696134966e-05,0.0001178727380759373,0.00016450955535358958,0.00016450955535358958,353783990.0077205,71.65099791473318,0.0,29032.258064516285,3.444444444444426e-05,1.1291686565711324e-06,2.2089141264969e-06,5.1875792027220006e-06,7.240065531111477e-06,7.240065531111477e-06,15570033.400239779
grooves,removed,2e-05,5e-06,1.0499999999999967e-08,4.899999999999987e-13,1.9941061876508743e-05,3.95198576311154e-05,0.00010497363597942842,0.00017336056308560127,0.00017336056308560127,353797067.5216362,60.552200633771,0.0,21428.571428571417,4.666666666666669e-05,8.776061331851497e-07,1.7392689343453889e-06,4.619889719454645e-06,7.629598381397312e-06,7.629598381397312e-06,15570608.941627208
grooves,removed,2e-05,1.25e-05,1.1249999999999939e-08,4.749999999999987e-13,2.1293750501816622e-05,4.1732655481776055e-05,0.00010789972457403486,0.00016805366836449335,0.00016805366836449335,353797196.5568291,64.20551578797436,0.0,23684.210526315725,4.222222222222234e-05,9.371379595849496e-07,1.8366541677529642e-06,4.748666878503274e-06,7.3960419447213524e-06,7.3960419447213524e-06,15570614.620466048
grooves,removed,2e-05,2e-05,1.1999999999999959e-08,4.599999999999987e-13,2.2746148758945102e-05,4.444986840195968e-05,0.00011128992733592226,0.00016272691435489253,0.00016272691435489253,353754161.6410717,68.39060875523583,0.0,26086.95652173911,3.833333333333336e-05,1.001058006881174e-06,1.9562387083702455e-06,4.897869702053939e-06,7.16161150075882e-06,7.16161150075882e-06,15568720.653823564
grooves,removed,2e-05,2.75e-05,1.2749999999999945e-08,4.4499999999999876e-13,2.4201523764692452e-05,4.733034305188474e-05,0.00011349801765599365,0.00015742369639045072,0.00015742369639045072,353761115.4841599,72.09716215434922,0.0,28651.685393258384,3.490196078431378e-05,1.0651090608841148e-06,2.0830083977134475e-06,4.995047757040281e-06,6.928216878143736e-06,6.928216878143736e-06,15569026.692457877
grooves,removed,2e-05,3.5e-05,1.350000000000001e-08,4.2999999999999903e-13,2.56689366157029e-05,5.013953773147001e-05,0.00011289315223407878,0.00015212582129943398,0.00015212582129943398,353780979.76612633,74.21038142621934,0.0,31395.348837209396,3.185185185185176e-05,1.1296899004570846e-06,2.206641055561995e-06,4.968427629821807e-06,6.6950573953880895e-06,6.6950573953880895e-06,15569900.91950722
grooves,removed,5e-05,5e-06,1.049999999999983e-08,4.749999999999989e-13,1.994085700550406e-05,3.9520112693372064e-05,0.00010474863445397066,0.00016807704415014273,0.00016807704415014273,353846408.7371434,62.32179711608863,0.0,22105.26315789443,4.523809523809587e-05,8.775971168122338e-07,1.7392801596353045e-06,4.609987402319249e-06,7.397070713047782e-06,7.397070713047782e-06,15572780.448521681
grooves,removed,5e-05,1.25e-05,1.1249999999999977e-08,4.374999999999987e-13,2.1295869148146817e-05,4.173396054152161e-05,0.00010681109358598147,0.00015477066295726432,0.00015477066295726432,353761515.33089095,69.01249341774444,0.0,25714.28571428574,3.888888888888885e-05,9.372312012099415e-07,1.836711603432366e-06,4.7007562287190446e-06,6.811456876749203e-06,6.811456876749203e-06,15569044.289712511
grooves,removed,5e-05,2e-05,1.199999999999997e-08,3.999999999999988e-13,2.274713368485451e-05,4.4469265859970544e-05,0.0001079155382942621,0.000141506462886277,0.000141506462886277,353766157.2156936,76.26191489288333,0.0,30000.000000000015,3.3333333333333315e-05,1.0011013534704472e-06,1.9570923904973036e-06,4.749362840330475e-06,6.227699431625051e-06,6.227699431625051e-06,15569248.579062676
grooves,removed,5e-05,2.75e-05,1.2749999999999808e-08,3.62499999999999e-13,2.4214305696167275e-05,4.732897599395614e-05,0.00010530486736121357,0.0001282410396142616,0.0001282410396142616,353768385.14279157,82.11479544922739,0.0,35172.41379310301,2.8431372549019957e-05,1.0656715936883218e-06,2.0829482334940095e-06,4.634467212567009e-06,5.643888153423653e-06,5.643888153423653e-06,15569346.630134257
grooves,removed,5e-05,3.5e-05,1.3500000000000073e-08,3.24999999999999e-13,2.5656953718771183e-05,4.997702565648925e-05,9.74669793924274e-05,0.0001149745348565054,0.0001149745348565054,353767799.55847925,84.77266684668183,0.0,41538.46153846189,2.407407407407387e-05,1.1291625331631198e-06,2.199488899142092e-06,4.28952176306073e-06,5.060029279034803e-06,5.060029279034803e-06,15569320.858568672
grooves,removed,8e-05,5e-06,1.0500000000000025e-08,4.599999999999985e-13,1.994115459277335e-05,3.95175551187837e-05,0.00010447985856771404,0.00016274533118492887,0.00016274533118492887,353794198.2281074,64.19837534324884,0.0,22826.086956521864,4.380952380952357e-05,8.776102136279551e-07,1.7391676007776707e-06,4.598158575565095e-06,7.16242202544872e-06,7.16242202544872e-06,15570482.664019007
grooves,removed,8e-05,1.25e-05,1.1249999999999887e-08,3.999999999999989e-13,2.1298461976366794e-05,4.174666970204754e-05,0.00010527554139088796,0.00014151055563186096,0.00014151055563186096,353776389.0796534,74.39412623377847,0.0,28124.999999999796,3.555555555555581e-05,9.373453115799026e-07,1.837270933587112e-06,4.633176576612979e-06,6.227879553358201e-06,6.227879553358201e-06,15569698.883395545
grooves,removed,8e-05,2e-05,1.1999999999999982e-08,3.3999999999999896e-13,2.276379737818139e-05,4.4461668699658614e-05,0.00010299283424545757,0.00012028150861734577,0.00012028150861734577,353769142.99219453,85.62649024723406,0.0,35294.117647058876,2.8333333333333288e-05,1.0018347226137629e-06,1.9567580394719756e-06,4.5327146351425875e-06,5.293589194249388e-06,5.293589194249388e-06,15569379.983086482
grooves,removed,8e-05,2.75e-05,1.2749999999999993e-08,2.799999999999992e-13,2.4202357043102897e-05,4.7322042884146075e-05,9.387698051001634e-05,9.905517794529307e-05,9.905517794529307e-05,353768492.66176194,94.77241115236139,0.0,45535.71428571439,2.196078431372544e-05,1.0651457334669584e-06,2.0826431073312686e-06,4.131525912245819e-06,4.359418381372348e-06,4.359418381372348e-06,15569351.362044143
grooves,removed,8e-05,3.5e-05,1.3499999999999955e-08,2.1999999999999964e-13,2.5657921503745325e-05,4.9801846040951536e-05,7.682802025840295e-05,7.782906766171601e-05,7.782906766171601e-05,353768489.37143695,98.71378723478468,0.0,61363.63636363626,1.6296296296296324e-05,1.1292051253798318e-06,2.191779244262277e-06,3.381201171572314e-06,3.4252572677921216e-06,3.4252572677921216e-06,15569351.21723694
