geometry,R,H,k,r2_early,t_cross,n_eq,t_fit_start,t_fit_window,fit_method,anchor_t,q_ratio_anchor,deviation_anchor,alpha_anchor
cone_recessed,5e-06,5e-06,8.674717053243859e-07,0.9994059942784649,40000.0,0.0001768864230116717,5,500,median_ratio,2000,1.0006102524394225,0.0006102524394224762,0.5001630447675853
cone_recessed,5e-06,1.25e-05,8.696498922642104e-07,0.9994635477181805,40000.0,0.00017691530459215674,5,500,median_ratio,2000,1.0002806995458757,0.0002806995458757289,0.4993946756898233
cone_recessed,5e-06,2e-05,8.735908084035412e-07,0.9994289861005319,40000.0,0.0001768519732019965,5,500,median_ratio,2000,1.000194465722389,0.00019446572238890347,0.49945656406280137
cone_recessed,5e-06,2.75e-05,8.773803090381818e-07,0.999503664381357,40000.0,0.00017680366924945426,5,500,median_ratio,2000,1.0009582615228472,0.0009582615228471703,0.5001432446016267
cone_recessed,5e-06,3.5000000000000004e-05,8.811620840934147e-07,0.9994661860474617,40000.0,0.00017681588636083887,5,500,median_ratio,2000,1.0022261766907528,0.002226176690752757,0.5006822372568716
cone_recessed,1e-05,5e-06,8.67684966611141e-07,0.9993730621927692,40000.0,0.00017685126875986167,5,500,median_ratio,2000,1.0005202443639951,0.0005202443639951149,0.5001523501561871
cone_recessed,1e-05,1.25e-05,8.70742143293514e-07,0.9994073071522983,40000.0,0.00017678074516159375,5,500,median_ratio,2000,0.9997837805978985,-0.00021621940210148072,0.499369882280709
cone_recessed,1e-05,2e-05,8.758644976056307e-07,0.999398364137549,40000.0,0.00017675541387362982,5,500,median_ratio,2000,0.999938488429024,-6.15115709760028e-05,0.4987721118095814
cone_recessed,1e-05,2.75e-05,8.816021278757498e-07,0.9993193526203263,40000.0,0.00017661151170426318,5,500,median_ratio,2000,1.000145456234011,0.00014545623401107655,0.4996441114640891
cone_recessed,1e-05,3.5000000000000004e-05,8.876379035211678e-07,0.9994558558408649,30000.0,0.00017654366496919766,5,500,median_ratio,2000,1.0010557574696293,0.0010557574696292704,0.5001938505887729
cone_recessed,2e-05,5e-06,8.677864254705593e-07,0.999399295832402,40000.0,0.00017671356453665145,5,500,median_ratio,2000,1.0003661700178876,0.0003661700178876348,0.5000611544640597
cone_recessed,2e-05,1.25e-05,8.715216349598234e-07,0.9993026367907093,40000.0,0.00017643625004573363,5,500,median_ratio,2000,0.9999329279247241,-6.707207527589798e-05,0.4997781182574733
cone_recessed,2e-05,2e-05,8.781593389956133e-07,0.9993500732031828,40000.0,0.00017612695580277048,5,500,median_ratio,2000,0.9996507231929599,-0.0003492768070401109,0.49929241228626203
cone_recessed,2e-05,2.75e-05,8.865319010869221e-07,0.9993638671159439,30000.0,0.00017585224674551887,5,500,median_ratio,2000,0.9993512679507206,-0.0006487320492793991,0.4988401813941389
cone_recessed,2e-05,3.5000000000000004e-05,8.955096807777499e-07,0.9994186170195138,30000.0,0.00017559907148978905,5,500,median_ratio,2000,1.0002239914769704,0.00022399147697038657,0.4993107682743598
cone_recessed,5e-05,5e-06,8.677184276218545e-07,0.9993669949545437,40000.0,0.00017574067569489714,5,500,median_ratio,2000,1.0004682648687684,0.0004682648687683866,0.5004054474896743
cone_recessed,5e-05,1.25e-05,8.719611688446652e-07,0.9993953505608142,40000.0,0.00017400356470935238,5,500,median_ratio,2000,1.0002746606191038,0.0002746606191037504,0.5001191828238122
cone_recessed,5e-05,2e-05,8.797788047661625e-07,0.9993672706050856,30000.0,0.0001722667035845933,5,500,median_ratio,2000,0.9998029374938511,-0.00019706250614892618,0.499871837266842
cone_recessed,5e-05,2.75e-05,8.905973772861782e-07,0.9993785694031556,30000.0,0.00017052815517304976,5,500,median_ratio,2000,0.9995274188583254,-0.0004725811416745884,0.49948691072847184
cone_recessed,5e-05,3.5000000000000004e-05,9.039751087140807e-07,0.999419341117369,30000.0,0.00016878906898478826,5,500,median_ratio,2000,0.9994392731101489,-0.0005607268898510931,0.4988548376470686
cone_recessed,8e-05,5e-06,8.677353493797097e-07,0.9993818574084289,40000.0,0.00017393511815031685,5,500,median_ratio,2000,1.0004861245383632,0.00048612453836316405,0.5004297216025987
cone_recessed,8e-05,1.25e-05,8.721192216234928e-07,0.9994272686758653,30000.0,0.00016948680505730806,5,500,median_ratio,2000,1.0002916940026372,0.00029169400263717726,0.5003058884343857
cone_recessed,8e-05,2e-05,8.800662446202767e-07,0.9992718881415299,30000.0,0.00016503815799171788,5,500,median_ratio,2000,1.0001213263535655,0.00012132635356554289,0.4996912379152162
cone_recessed,8e-05,2.75e-05,8.914479452076193e-07,0.9993935344252172,30000.0,0.0001605784762449247,5,500,median_ratio,2000,0.9999519994305178,-4.8000569482176125e-05,0.49943049877186085
cone_recessed,8e-05,3.5000000000000004e-05,9.062034433774317e-07,0.9993930239577566,20000.0,0.00015614418369249097,5,500,median_ratio,2000,0.9996546791509905,-0.00034532084900951165,0.4990295958794279
cylinder_recessed,5e-06,5e-06,8.695290861729324e-07,0.9994355456164327,40000.0,0.00017686511842864242,5,500,median_ratio,2000,0.99953008085349,-0.00046991914650995614,0.4994131453786664
cylinder_recessed,5e-06,1.25e-05,8.758839636989856e-07,0.9993560607806576,40000.0,0.00017681313546263227,5,500,median_ratio,2000,0.9989845463242332,-0.0010154536757668309,0.4986506876637305
cylinder_recessed,5e-06,2e-05,8.823972668091632e-07,0.9994512424546603,30000.0,0.00017676526676483427,5,500,median_ratio,2000,1.0006960727783107,0.0006960727783107412,0.4991707744031919
cylinder_recessed,5e-06,2.75e-05,8.891923230732724e-07,0.9995276960563522,30000.0,0.00017667271574681504,5,500,median_ratio,2000,1.0025094721229968,0.002509472122996792,0.5003509203887934
cylinder_recessed,5e-06,3.5000000000000004e-05,8.960035520327606e-07,0.999530560157156,30000.0,0.00017662287094699823,5,500,median_ratio,2000,1.004432485054602,0.004432485054602031,0.5018131326853622
cylinder_recessed,1e-05,5e-06,8.716435644779785e-07,0.9993393523376989,40000.0,0.00017673229456384757,5,500,median_ratio,2000,0.9986007019808365,-0.0013992980191634974,0.49908722665376126
cylinder_recessed,1e-05,1.25e-05,8.829732692041397e-07,0.9994024150826077,30000.0,0.00017655130517938862,5,500,median_ratio,2000,0.9971112342958788,-0.002888765704121221,0.4976094063349287
cylinder_recessed,1e-05,2e-05,8.949471124237081e-07,0.9994307786005837,30000.0,0.00017634341014454702,5,500,median_ratio,2000,0.998177278574115,-0.001822721425885021,0.4976819293026661
cylinder_recessed,1e-05,2.75e-05,9.068561456679458e-07,0.9993482000805127,30000.0,0.00017613372922441398,5,500,median_ratio,2000,1.0001288943484872,0.00012889434848717407,0.4991112825670236
cylinder_recessed,1e-05,3.5000000000000004e-05,9.186004706821584e-07,0.999429909164506,30000.0,0.00017592407399037865,5,500,median_ratio,2000,1.0023385172135513,0.002338517213551272,0.5005328399053673
cylinder_recessed,2e-05,5e-06,8.757460968252561e-07,0.9992511158435546,40000.0,0.00017631607997414125,5,500,median_ratio,2000,0.9968994233064143,-0.003100576693585655,0.49818757613749626
cylinder_recessed,2e-05,1.25e-05,8.969834697698559e-07,0.9992568475494037,30000.0,0.00017550967347871956,5,500,median_ratio,2000,0.993240604941339,-0.006759395058660966,0.4952982910987823
cylinder_recessed,2e-05,2e-05,9.190412925930633e-07,0.999285318130872,30000.0,0.00017467429886732473,5,500,median_ratio,2000,0.9939888762120866,-0.006011123787913353,0.4946693530177005
cylinder_recessed,2e-05,2.75e-05,9.411267833312359e-07,0.9993478702909019,30000.0,0.00017381579733350056,5,500,median_ratio,2000,0.9961648560196734,-0.003835143980326583,0.49567305631522646
cylinder_recessed,2e-05,3.5000000000000004e-05,9.63332423810957e-07,0.9993891363106249,20000.0,0.00017300315239505604,5,500,median_ratio,2000,0.9980959584886735,-0.0019040415113265041,0.49598441667342114
cylinder_recessed,5e-05,5e-06,8.89769658389944e-07,0.9992043118318924,30000.0,0.000173424496396278,5,500,median_ratio,2000,0.989752203172013,-0.010247796827987043,0.49563613759821884
cylinder_recessed,5e-05,1.25e-05,9.408419085587209e-07,0.9992327470096646,20000.0,0.00016819251131908208,5,500,median_ratio,2000,0.9799904912581074,-0.020009508741892557,0.4879143222968379
cylinder_recessed,5e-05,2e-05,9.92914474589625e-07,0.9992796755835133,10000.0,0.0001629973919723858,5,500,median_ratio,2000,0.9803594668470527,-0.019640533152947337,0.484925298856277
cylinder_recessed,5e-05,2.75e-05,1.0457408718615923e-06,0.9992493131274989,7000.0,0.00015778593941285658,5,500,median_ratio,2000,0.9831307870019845,-0.01686921299801547,0.4857402421260484
cylinder_recessed,5e-05,3.5000000000000004e-05,1.0981629449315192e-06,0.999215190119725,5000.0,0.00015257671317471037,5,500,median_ratio,2000,0.9843407084683843,-0.015659291531615716,0.4806696668359506
cylinder_recessed,8e-05,5e-06,9.042999838039974e-07,0.999149641380431,30000.0,0.0001680129161205648,5,500,median_ratio,2000,0.9824158245235345,-0.017584175476465513,0.4928626015432174
cylinder_recessed,8e-05,1.25e-05,9.858618551426875e-07,0.9989666831824137,5000.0,0.00015466013174122512,5,500,median_ratio,2000,0.9667836242950708,-0.03321637570492919,0.4804891124965545
cylinder_recessed,8e-05,2e-05,1.0694240807759317e-06,0.9990038086297853,4000.0,0.00014131946832572355,5,500,median_ratio,2000,0.9664918423091854,-0.03350815769081461,0.476497224812897
cylinder_recessed,8e-05,2.75e-05,1.1522781780850224e-06,0.9991333203860696,4000.0,0.0001279827118020018,5,500,median_ratio,2000,0.9703914934065754,-0.02960850659342462,0.47669442981847426
cylinder_recessed,8e-05,3.5000000000000004e-05,1.234512372559875e-06,0.9992003854810171,3000.0,0.00011464603442788613,5,500,median_ratio,2000,0.9705031102591708,-0.029496889740829202,0.46204665491346547
cylindrical_pillars,5e-06,5e-06,8.683729355088591e-07,0.9994555852081052,40000.0,0.00017693485372184093,5,500,median_ratio,2000,1.0000014791894445,1.4791894444865505e-06,0.4998815282292344
cylindrical_pillars,5e-06,1.25e-05,8.710890929097944e-07,0.9993667537750185,40000.0,0.000177026376242436,5,500,median_ratio,2000,0.9979053811831426,-0.002094618816857352,0.4987914537082458
cylindrical_pillars,5e-06,2e-05,8.747409967845209e-07,0.9992016919540884,40000.0,0.00017699823019786073,5,500,median_ratio,2000,0.9954364660877785,-0.004563533912221529,0.49829829530738246
cylindrical_pillars,5e-06,2.75e-05,8.791377668060568e-07,0.9990168384814266,30000.0,0.00017706648641011873,5,500,median_ratio,2000,0.9912991937106225,-0.008700806289377527,0.4974820468500635
cylindrical_pillars,5e-06,3.5000000000000004e-05,8.82983680087025e-07,0.9991302135918311,30000.0,0.00017713952109157057,5,500,median_ratio,2000,0.9883100858077447,-0.01168991419225529,0.49673175735569314
cylindrical_pillars,1e-05,5e-06,8.731306310356634e-07,0.9992878305989168,40000.0,0.00017699719435256562,5,500,median_ratio,2000,0.996448592778062,-0.00355140722193803,0.4986383613849647
cylindrical_pillars,1e-05,1.25e-05,8.867708631804217e-07,0.9991589262264307,30000.0,0.00017724636508973575,5,500,median_ratio,2000,0.986282226924067,-0.013717773075933026,0.4958676201049073
cylindrical_pillars,1e-05,2e-05,9.008844975514855e-07,0.9988090135582444,30000.0,0.00017745472769769666,5,500,median_ratio,2000,0.9759270179450054,-0.02407298205499464,0.4932373718820704
cylindrical_pillars,1e-05,2.75e-05,9.151590953165889e-07,0.9983193805740318,20000.0,0.00017766337552748316,5,500,median_ratio,2000,0.9658849728048348,-0.03411502719516524,0.49020316539040865
cylindrical_pillars,1e-05,3.5000000000000004e-05,9.293758033385036e-07,0.9977084351438228,4000.0,0.00017787169285085573,5,500,median_ratio,2000,0.9561488689322184,-0.0438511310677816,0.4873962818813008
cylindrical_pillars,2e-05,5e-06,8.84086622326183e-07,0.9992099482942335,30000.0,0.00017745452473848908,5,500,median_ratio,2000,0.9898707794915851,-0.010129220508414916,0.4960710217116792
cylindrical_pillars,2e-05,1.25e-05,9.213554982502232e-07,0.9989740504158159,20000.0,0.00017828930347829912,5,500,median_ratio,2000,0.9688044888496008,-0.031195511150399202,0.4866453409581111
cylindrical_pillars,2e-05,2e-05,9.594774257238744e-07,0.9984775906350652,2000.0,0.00017912147870595047,5,500,median_ratio,2000,0.9496351344013042,-0.050364865598695796,0.47648144795720804
cylindrical_pillars,2e-05,2.75e-05,9.976146031190171e-07,0.9981014430521432,2000.0,0.0001799555907228338,5,500,median_ratio,2000,0.931978271974764,-0.06802172802523598,0.46670375511015605
cylindrical_pillars,2e-05,3.5000000000000004e-05,1.0356981534102372e-06,0.9974754356562221,1000.0,0.00018075095352989036,5,500,median_ratio,2000,0.9157238477814043,-0.08427615221859575,0.4568924905969954
cylindrical_pillars,5e-05,5e-06,9.172281495369059e-07,0.9984001403951738,20000.0,0.000180328594408319,5,500,median_ratio,2000,0.9724579934430515,-0.027542006556948495,0.4892732332882292
cylindrical_pillars,5e-05,1.25e-05,1.0233031002045994e-06,0.9981783183478196,2000.0,0.00018558119061736614,5,500,median_ratio,2000,0.9400860555371193,-0.059913944462880675,0.4684524666848121
cylindrical_pillars,5e-05,2e-05,1.1315944614542585e-06,0.9976212701308903,2000.0,0.0001907493930863219,5,500,median_ratio,2000,0.9246689187826428,-0.07533108121735721,0.45258847163209853
cylindrical_pillars,5e-05,2.75e-05,1.2392883239084242e-06,0.9974194637023815,2000.0,0.00019607026858958816,5,500,median_ratio,2000,0.9162718434974423,-0.08372815650255772,0.44268808261717124
cylindrical_pillars,5e-05,3.5000000000000004e-05,1.3471271744899275e-06,0.9973144272755515,1000.0,0.0002012767294274851,5,500,median_ratio,2000,0.9090978590382633,-0.09090214096173665,0.4351066328897682
cylindrical_pillars,8e-05,5e-06,9.503992207625116e-07,0.9969357693945797,3000.0,0.00018574148859730076,5,500,median_ratio,2000,0.9559605248446761,-0.044039475155323915,0.48294194900953946
cylindrical_pillars,8e-05,1.25e-05,1.1257035733840473e-06,0.9971398802449853,1000.0,0.00019906577237357908,5,500,median_ratio,2000,0.9159392164221839,-0.0840607835778161,0.4533128120481311
cylindrical_pillars,8e-05,2e-05,1.3031563731377787e-06,0.9969028346641988,900.0,0.0002123979148792172,5,500,median_ratio,2000,0.9060479237352236,-0.09395207626477642,0.43886491336280936
cylindrical_pillars,8e-05,2.75e-05,1.4807151985700245e-06,0.9969561276932408,900.0,0.00022573098679270833,5,500,median_ratio,2000,0.9037042649906719,-0.09629573500932809,0.4331784758983169
cylindrical_pillars,8e-05,3.5000000000000004e-05,1.6578090675336365e-06,0.9972013778518116,900.0,0.00023911296032280805,5,500,median_ratio,2000,0.9041856178119931,-0.09581438218800686,0.4312538852411604
edges,5e-06,5e-06,8.809374453621869e-07,0.9994354612814366,30000.0,0.00017641723416512395,5,500,median_ratio,2000,0.9945373930997714,-0.005462606900228595,0.49691510261209304
edges,5e-06,1.25e-05,9.312672993311814e-07,0.9993030057860617,20000.0,0.00017579170885343505,5,500,median_ratio,2000,0.981968373177184,-0.018031626822816005,0.48844023015823657
edges,5e-06,2e-05,9.912430683764677e-07,0.999200688253789,8000.0,0.00017512564988377628,5,500,median_ratio,2000,0.9759348827086439,-0.024065117291356075,0.4828656569561173
edges,5e-06,2.75e-05,1.0539458364302102e-06,0.9992221315049851,6000.0,0.00017445041163631383,5,500,median_ratio,2000,0.9741577381306656,-0.02584226186933436,0.4809068788696577
edges,5e-06,3.5000000000000004e-05,1.1173453968655269e-06,0.9992205626238413,5000.0,0.0001737946140811956,5,500,median_ratio,2000,0.9739203331811339,-0.026079666818866087,0.4802533313805436
edges,1e-05,5e-06,8.754476929337611e-07,0.9993189114133528,40000.0,0.00017601396800739574,5,500,median_ratio,2000,0.9979059279858963,-0.0020940720141037206,0.49864509668750384
edges,1e-05,1.25e-05,9.133141160123428e-07,0.9992963666767267,30000.0,0.000174686662601958,5,500,median_ratio,2000,0.9899335508809167,-0.010066449119083276,0.4927641610384041
edges,1e-05,2e-05,9.65064260273258e-07,0.9992667333444049,20000.0,0.0001733560497183692,5,500,median_ratio,2000,0.9846982740457294,-0.015301725954270595,0.4876707415990794
edges,1e-05,2.75e-05,1.0238036270678397e-06,0.9993246164096475,9000.0,0.00017202784832315507,5,500,median_ratio,2000,0.98103812269271,-0.018961877307290043,0.4851331725231197
edges,1e-05,3.5000000000000004e-05,1.0849447063013736e-06,0.9993284005956282,7000.0,0.00017068853832427535,5,500,median_ratio,2000,0.9791915054624066,-0.02080849453759337,0.4836600901697078
edges,2e-05,5e-06,8.7177929482523e-07,0.9993832132066441,40000.0,0.00017512947198585673,5,500,median_ratio,2000,0.9995941360818814,-0.00040586391811858746,0.49979446847331704
edges,2e-05,1.25e-05,8.953495039744465e-07,0.9993457580321087,30000.0,0.00017247406003060325,5,500,median_ratio,2000,0.9964892703743646,-0.003510729625635367,0.4965840326100462
edges,2e-05,2e-05,9.339328061545784e-07,0.999316240552959,30000.0,0.0001698118460657184,5,500,median_ratio,2000,0.9926688282980322,-0.007331171701967842,0.4933221341850926
edges,2e-05,2.75e-05,9.816910351017556e-07,0.9993652512444668,20000.0,0.0001671501071416533,5,500,median_ratio,2000,0.9893688077774748,-0.010631192222525176,0.4909186328827564
edges,2e-05,3.5000000000000004e-05,1.03497166898907e-06,0.9993213315751093,10000.0,0.0001644983597435928,5,500,median_ratio,2000,0.9870335988559988,-0.01296640114400116,0.4887765348543045
edges,5e-05,5e-06,8.689979664837022e-07,0.9993109262963683,40000.0,0.00017247587852377755,5,500,median_ratio,2000,1.0003431056062504,0.00034310560625039344,0.5003449105088326
edges,5e-05,1.25e-05,8.796908746089997e-07,0.9993700911550745,30000.0,0.00016583808421561025,5,500,median_ratio,2000,0.9996905174392815,-0.0003094825607184992,0.4993659239643499
edges,5e-05,2e-05,8.988659239526263e-07,0.9993776922620483,30000.0,0.0001591910927820057,5,500,median_ratio,2000,0.9987595382054897,-0.001240461794510317,0.4984075418059843
edges,5e-05,2.75e-05,9.257672263188897e-07,0.9993997757877846,20000.0,0.00015256427907540813,5,500,median_ratio,2000,0.99754747012944,-0.002452529870559994,0.49731528513089107
edges,5e-05,3.5000000000000004e-05,9.597299272865349e-07,0.9993100454526112,20000.0,0.00014593204171361917,5,500,median_ratio,2000,0.9958982727639627,-0.0041017272360373,0.49515585766757914
edges,8e-05,5e-06,8.682619335106239e-07,0.999368900344851,30000.0,0.00016982123970756945,5,500,median_ratio,2000,1.000413508880487,0.000413508880487079,0.5004500184225925
edges,8e-05,1.25e-05,8.749385003093471e-07,0.9994541318294147,30000.0,0.00015920852453881103,5,500,median_ratio,2000,1.000485417056243,0.00048541705624294273,0.4996740277509557
edges,8e-05,2e-05,8.875483426875578e-07,0.9994573533370057,20000.0,0.00014858220180010136,5,500,median_ratio,2000,0.9998649577409084,-0.00013504225909155565,0.49949471847469396
edges,8e-05,2.75e-05,9.056260649472146e-07,0.9994597623365046,20000.0,0.00013796900798424512,5,500,median_ratio,2000,0.999188430887717,-0.0008115691122829727,0.4988838600342079
edges,8e-05,3.5000000000000004e-05,9.290069532522267e-07,0.9993112874814789,9000.0,0.00012735617786324835,5,500,median_ratio,2000,0.9982372938543251,-0.0017627061456748638,0.4962698108648689
grooves,5e-06,5e-06,8.961309335453372e-07,0.9989570960595573,30000.0,0.00017601492221686033,5,500,median_ratio,2000,0.9859637216670984,-0.014036278332901553,0.4941963481031034
grooves,5e-06,1.25e-05,9.599916804360551e-07,0.9991138936298392,8000.0,0.0001746853382777325,5,500,median_ratio,2000,0.9717756072775667,-0.028224392722433267,0.4838121248676322
grooves,5e-06,2e-05,1.0249186302612071e-06,0.9991629292075496,5000.0,0.0001733547797712152,5,500,median_ratio,2000,0.9694792750487783,-0.03052072495122171,0.47888999251039455
grooves,5e-06,2.75e-05,1.0896636634688708e-06,0.9992006553968774,5000.0,0.0001720263404549347,5,500,median_ratio,2000,0.9706093794423205,-0.029390620557679492,0.47823286562114836
grooves,5e-06,3.5000000000000004e-05,1.1544286927429724e-06,0.9991637500314627,5000.0,0.00017069808868720154,5,500,median_ratio,2000,0.9723121352266633,-0.027687864773336734,0.4778208521381904
grooves,1e-05,5e-06,8.960311892877973e-07,0.999316410237924,30000.0,0.00017514459859543498,5,500,median_ratio,2000,0.9863142217738636,-0.01368577822613637,0.4941573213656413
grooves,1e-05,1.25e-05,9.600848360571658e-07,0.9990881763484053,9000.0,0.0001724504540693903,5,500,median_ratio,2000,0.9720431431779117,-0.02795685682208826,0.4841789007904977
grooves,1e-05,2e-05,1.0249849964094925e-06,0.9991154369983696,5000.0,0.00016981791146735285,5,500,median_ratio,2000,0.9697587998565526,-0.030241200143447444,0.47932502516252784
grooves,1e-05,2.75e-05,1.089759052389682e-06,0.9991670940586821,5000.0,0.0001671605947030227,5,500,median_ratio,2000,0.9708456922111156,-0.029154307788884393,0.4786204709329509
grooves,1e-05,3.5000000000000004e-05,1.1545491049467026e-06,0.9992046012521519,4000.0,0.0001645062871337503,5,500,median_ratio,2000,0.9720756340556149,-0.027924365944385077,0.4765082286297786
grooves,2e-05,5e-06,8.95767542817915e-07,0.9991137000800254,30000.0,0.0001733593688124102,5,500,median_ratio,2000,0.9865180853315518,-0.01348191466844817,0.4944348335956303
grooves,2e-05,1.25e-05,9.598130244982546e-07,0.9990330876589169,9000.0,0.00016804797924734884,5,500,median_ratio,2000,0.9722420112772724,-0.02775798872272761,0.48394074522101144
grooves,2e-05,2e-05,1.0248727175400637e-06,0.9991435421509892,5000.0,0.00016272984526448313,5,500,median_ratio,2000,0.9698075247457875,-0.030192475254212536,0.479448066827425
grooves,2e-05,2.75e-05,1.0895975849721643e-06,0.9991629035703705,5000.0,0.00015742520473531477,5,500,median_ratio,2000,0.9713114816155071,-0.028688518384492934,0.4787896648691936
grooves,2e-05,3.5000000000000004e-05,1.1550182063844506e-06,0.9991746498874007,4000.0,0.00015212331222210003,5,500,median_ratio,2000,0.970680930467209,-0.029319069532790953,0.47252988779919913
grooves,5e-05,5e-06,8.957852533923594e-07,0.9991053939862443,30000.0,0.00016806173994111853,5,500,median_ratio,2000,0.9865049477670491,-0.013495052232950888,0.49441871889772393
grooves,5e-05,1.25e-05,9.59872076598512e-07,0.9990771100209549,9000.0,0.00015477207023811598,5,500,median_ratio,2000,0.9722126001605671,-0.027787399839432902,0.4839634341945905
grooves,5e-05,2e-05,1.0246782554814253e-06,0.9990818080357224,5000.0,0.00014150692431031108,5,500,median_ratio,2000,0.9704148676960707,-0.02958513230392934,0.4796233628780922
grooves,5e-05,2.75e-05,1.0899864822993603e-06,0.9992772101443522,5000.0,0.00012824105966127166,5,500,median_ratio,2000,0.9709368817555262,-0.02906311824447383,0.4782241370857122
grooves,5e-05,3.5000000000000004e-05,1.1546738813043188e-06,0.9991645095129642,3000.0,0.00011497465760785782,5,500,median_ratio,2000,0.9678232831847378,-0.03217671681526224,0.4604821024186908
grooves,8e-05,5e-06,8.957629490314892e-07,0.9992240902133694,30000.0,0.00016274135584953714,5,500,median_ratio,2000,0.986465667571263,-0.013534332428737028,0.49448497716972073
grooves,8e-05,1.25e-05,9.598195843290962e-07,0.9990279071958179,8000.0,0.00014150892903767268,5,500,median_ratio,2000,0.9725618523741493,-0.02743814762585073,0.48399366780824643
grooves,8e-05,2e-05,1.0251038105342813e-06,0.9991485232244018,5000.0,0.000120281393570843,5,500,median_ratio,2000,0.9698462983343537,-0.03015370166564635,0.4790294682428356
grooves,8e-05,2.75e-05,1.0897089347715222e-06,0.9992557230655228,4000.0,9.905517730097808e-05,5,500,median_ratio,2000,0.9710419117128464,-0.028958088287153627,0.47680553032792344
grooves,8e-05,3.5000000000000004e-05,1.154377564033473e-06,0.999092537549073,3000.0,7.782906766972974e-05,5,500,median_ratio,2000,0.964678426038063,-0.035321573961937025,0.4469302534573493
square_pillar,5e-06,5e-06,8.691382143635677e-07,0.9993218111886799,40000.0,0.00017690258613598943,5,500,median_ratio,2000,0.9991362797499995,-0.000863720250000477,0.4995973516998357
square_pillar,5e-06,1.25e-05,8.725314568017274e-07,0.9993506826642081,40000.0,0.00017700938624373814,5,500,median_ratio,2000,0.9969939944110594,-0.0030060055889405968,0.49857019665147156
square_pillar,5e-06,2e-05,8.779656429652984e-07,0.9992130423559447,30000.0,0.00017703522291254614,5,500,median_ratio,2000,0.9924615674960046,-0.00753843250399544,0.49775603372961574
square_pillar,5e-06,2.75e-05,8.82642646417484e-07,0.9990014562950192,30000.0,0.0001771421388998433,5,500,median_ratio,2000,0.9888848555672123,-0.011115144432787716,0.496848585774619
square_pillar,5e-06,3.5000000000000004e-05,8.870676389020084e-07,0.9989859189735745,30000.0,0.00017721030287320448,5,500,median_ratio,2000,0.985912720978076,-0.01408727902192397,0.49584139825647544
square_pillar,1e-05,5e-06,8.737843723442999e-07,0.9992409542213955,40000.0,0.00017707609719419746,5,500,median_ratio,2000,0.9962133168993245,-0.0037866831006755364,0.498626032522172
square_pillar,1e-05,1.25e-05,8.911680049309475e-07,0.9990054287609218,30000.0,0.00017734148130629486,5,500,median_ratio,2000,0.9833747679987541,-0.016625232001245882,0.4950337089054507
square_pillar,1e-05,2e-05,9.082990864399018e-07,0.9987611700954129,30000.0,0.00017757831288476512,5,500,median_ratio,2000,0.9714850373206414,-0.028514962679358602,0.49112056710219576
square_pillar,1e-05,2.75e-05,9.255819956086226e-07,0.9981535201456324,7000.0,0.0001778436076702025,5,500,median_ratio,2000,0.9597483777079506,-0.04025162229204937,0.48756676637363927
square_pillar,1e-05,3.5000000000000004e-05,9.425246586864709e-07,0.9976137310671856,2000.0,0.0001781371918629502,5,500,median_ratio,2000,0.9487783630413039,-0.05122163695869608,0.4841015471438665
square_pillar,2e-05,5e-06,8.864615529863229e-07,0.9990448457439688,30000.0,0.0001776066197993983,5,500,median_ratio,2000,0.9886306710242507,-0.011369328975749271,0.4957807433872647
square_pillar,2e-05,1.25e-05,9.290496764591096e-07,0.9989285647770609,10000.0,0.00017862677867525362,5,500,median_ratio,2000,0.9666729704887104,-0.03332702951128963,0.4844811849960225
square_pillar,2e-05,2e-05,9.721766390620704e-07,0.9983580947909593,2000.0,0.00017969118692022295,5,500,median_ratio,2000,0.9477348728874263,-0.052265127112573695,0.4726120629662024
square_pillar,2e-05,2.75e-05,1.0155013532192509e-06,0.9979440693908405,2000.0,0.0001807524696733526,5,500,median_ratio,2000,0.9305651675553509,-0.0694348324446491,0.4613523159552455
square_pillar,2e-05,3.5000000000000004e-05,1.0586774398941014e-06,0.99747917150293,1000.0,0.0001818140699784193,5,500,median_ratio,2000,0.9149463101248875,-0.08505368987511253,0.45072202917795184
square_pillar,5e-05,5e-06,9.234471375228787e-07,0.9979788774711781,20000.0,0.00018132377223705734,5,500,median_ratio,2000,0.9698120220035287,-0.030187977996471327,0.4880623736600799
square_pillar,5e-05,1.25e-05,1.0428918907771494e-06,0.9979500557717488,2000.0,0.0001879077894843815,5,500,median_ratio,2000,0.9351730402124172,-0.0648269597875828,0.46551842619846817
square_pillar,5e-05,2e-05,1.1646511084662335e-06,0.9975013111345468,2000.0,0.00019454302693536402,5,500,median_ratio,2000,0.9203912244147665,-0.0796087755852335,0.4503830326018273
square_pillar,5e-05,2.75e-05,1.2856061146921284e-06,0.9972189059198557,1000.0,0.00020117245211927703,5,500,median_ratio,2000,0.9122896048751059,-0.08771039512489409,0.44143858252209567
square_pillar,5e-05,3.5000000000000004e-05,1.40662187710708e-06,0.997155288566922,900.0,0.00020791904442509914,5,500,median_ratio,2000,0.9073854891915838,-0.0926145108084162,0.43566538667724974
square_pillar,8e-05,5e-06,9.60023228401669e-07,0.9958348003858548,3000.0,0.00018816701743203112,5,500,median_ratio,2000,0.9522035052898883,-0.047796494710111714,0.48098126449662726
square_pillar,8e-05,1.25e-05,1.1571993215499991e-06,0.9968148078288028,900.0,0.00020511946405963035,5,500,median_ratio,2000,0.9093344850068352,-0.09066551499316478,0.4499725716409936
square_pillar,8e-05,2e-05,1.35592544616747e-06,0.9967382390441919,900.0,0.00022216852405078995,5,500,median_ratio,2000,0.9005470493284605,-0.09945295067153948,0.43512523117156243
square_pillar,8e-05,2.75e-05,1.5549817872904646e-06,0.9969469565523443,900.0,0.00023920305806019807,5,500,median_ratio,2000,0.8995513015116947,-0.10044869848830529,0.4304685097613594
square_pillar,8e-05,3.5000000000000004e-05,1.753958716255594e-06,0.9969502340110696,900.0,0.0002560843808447769,5,500,median_ratio,2000,0.9011011022285712,-0.0988988977714288,0.42943768365775786
square_recessed,5e-06,5e-06,8.700001761600004e-07,0.9993610005427022,40000.0,0.00017685504022636037,5,500,median_ratio,2000,0.9992129089180346,-0.0007870910819653965,0.49973014928355064
square_recessed,5e-06,1.25e-05,8.774506787826327e-07,0.9994240722636931,40000.0,0.00017678642604567073,5,500,median_ratio,2000,0.9987038752543802,-0.0012961247456197977,0.4985574547146149
square_recessed,5e-06,2e-05,8.856016190985547e-07,0.9993506316241972,30000.0,0.00017672252589406626,5,500,median_ratio,2000,0.9994262489752123,-0.0005737510247877387,0.4989354741432225
square_recessed,5e-06,2.75e-05,8.937110154835635e-07,0.9993807877665695,30000.0,0.00017665497435034522,5,500,median_ratio,2000,1.0011676118032695,0.0011676118032695193,0.5000559992916759
square_recessed,5e-06,3.5000000000000004e-05,9.019706900707226e-07,0.9994163280508268,30000.0,0.00017658790965327346,5,500,median_ratio,2000,1.0028876907236541,0.002887690723654135,0.5012203526250925
square_recessed,1e-05,5e-06,8.726003493951572e-07,0.9993253108552343,40000.0,0.00017672223727023927,5,500,median_ratio,2000,0.9981281184453438,-0.0018718815546562295,0.4991326285402622
square_recessed,1e-05,1.25e-05,8.863631676713221e-07,0.9994295680915439,30000.0,0.00017645627434765364,5,500,median_ratio,2000,0.9959405937839964,-0.004059406216003647,0.49709412096816025
square_recessed,1e-05,2e-05,9.009737317893803e-07,0.999299175209473,30000.0,0.00017619033655145427,5,500,median_ratio,2000,0.9966433706606092,-0.0033566293393908486,0.49677164165987425
square_recessed,1e-05,2.75e-05,9.155776935751615e-07,0.9993749829285806,30000.0,0.00017592495072708594,5,500,median_ratio,2000,0.9982303159578273,-0.0017696840421727034,0.4978811164302105
square_recessed,1e-05,3.5000000000000004e-05,9.299091813151085e-07,0.9994087453758608,30000.0,0.00017565775586833254,5,500,median_ratio,2000,1.00022077068908,0.00022077068907999653,0.49902309677744866
square_recessed,2e-05,5e-06,8.779720308668569e-07,0.999335662949809,30000.0,0.00017619094113063537,5,500,median_ratio,2000,0.9957391437938377,-0.0042608562061623445,0.4979159001199727
square_recessed,2e-05,1.25e-05,9.044663933578519e-07,0.999371186350809,30000.0,0.00017512932361352128,5,500,median_ratio,2000,0.9906057161623298,-0.009394283837670159,0.49374489247956743
square_recessed,2e-05,2e-05,9.316473155335381e-07,0.9992783877045234,30000.0,0.00017406561635428656,5,500,median_ratio,2000,0.9909404459673409,-0.009059554032659123,0.49248595942471596
square_recessed,2e-05,2.75e-05,9.59014189758386e-07,0.9992502378232687,20000.0,0.00017300163312580926,5,500,median_ratio,2000,0.9928447888701827,-0.007155211129817318,0.49280658372892544
square_recessed,2e-05,3.5000000000000004e-05,9.864642157683094e-07,0.9993919273124705,20000.0,0.00017193435806939913,5,500,median_ratio,2000,0.9945150503883555,-0.005484949611644474,0.4928217846544761
square_recessed,5e-05,5e-06,8.963306519589199e-07,0.999144530792036,30000.0,0.00017247446882757338,5,500,median_ratio,2000,0.9862977313525875,-0.01370226864741253,0.4943064997288478
square_recessed,5e-05,1.25e-05,9.613993298833345e-07,0.99904279615215,9000.0,0.00016583595301434957,5,500,median_ratio,2000,0.9729750526441734,-0.027024947355826612,0.48401627012435
square_recessed,5e-05,2e-05,1.02761032202422e-06,0.9990952191452248,6000.0,0.00015920066041762073,5,500,median_ratio,2000,0.9723463928459959,-0.02765360715400411,0.4804224788335032
square_recessed,5e-05,2.75e-05,1.0935189567701627e-06,0.999221749709493,6000.0,0.00015256455144865532,5,500,median_ratio,2000,0.975719471913841,-0.024280528086158992,0.48084094137241323
square_recessed,5e-05,3.5000000000000004e-05,1.1589077286036824e-06,0.9991912236445755,4000.0,0.00014592896103857926,5,500,median_ratio,2000,0.9770945175688673,-0.022905482431132662,0.47401809005825823
square_recessed,8e-05,5e-06,9.145146098393856e-07,0.9989328047371044,20000.0,0.00016557995465277882,5,500,median_ratio,2000,0.9773236347938177,-0.022676365206182325,0.4908779889603099
square_recessed,8e-05,1.25e-05,1.0180485840759489e-06,0.9989373235136016,3000.0,0.00014858572512781802,5,500,median_ratio,2000,0.957536450207237,-0.04246354979276301,0.4752470835727537
square_recessed,8e-05,2e-05,1.1236747423152009e-06,0.998977961713419,3000.0,0.00013160191686081388,5,500,median_ratio,2000,0.9570436026501704,-0.04295639734982959,0.46969127776394126
square_recessed,8e-05,2.75e-05,1.228366787628e-06,0.9990535875525522,3000.0,0.00011462099033416278,5,500,median_ratio,2000,0.9614952527143995,-0.038504747285600494,0.4693805321738792
square_recessed,8e-05,3.5000000000000004e-05,1.3334073151999449e-06,0.9991158868616538,3000.0,9.764010324748214e-05,5,500,median_ratio,2000,0.9605829817853033,-0.039417018214696675,0.45123461925598934
untextured,0.0,0.0,8.652089176957401e-07,0.9997904147477816,40000.0,0.00017687655044823633,5,500,median_ratio,2000,1.002193962053861,0.0021939620538609095,0.500388429586342
