% Model,C52_3D_base_unit_cell_recesses(grooves)_v2.mph
% Version,COMSOL 5.2.0.220
% Date,"Aug 3 2026, 14:59"
% Table,Table 2 - Global Evaluation 3 - export as csv (intopA(1))
% R_texture (m),H_texture (m),t (s),intopA(1) (m^2)
5.0E-6,5.0E-6,0,1.0207106781186476E-8
5.0E-6,5.0E-6,0.1,1.0207106781186476E-8
5.0E-6,5.0E-6,0.2,1.0207106781186476E-8
5.0E-6,5.0E-6,0.30000000000000004,1.0207106781186476E-8
5.0E-6,5.0E-6,0.4,1.0207106781186476E-8
5.0E-6,5.0E-6,0.5,1.0207106781186476E-8
5.0E-6,5.0E-6,0.6000000000000001,1.0207106781186476E-8
5.0E-6,5.0E-6,0.7000000000000001,1.0207106781186476E-8
5.0E-6,5.0E-6,0.8,1.0207106781186476E-8
5.0E-6,5.0E-6,0.9,1.0207106781186476E-8
5.0E-6,5.0E-6,1,1.0207106781186476E-8
5.0E-6,5.0E-6,1.1,1.0207106781186476E-8
5.0E-6,5.0E-6,1.2000000000000002,1.0207106781186476E-8
5.0E-6,5.0E-6,1.3,1.0207106781186476E-8
5.0E-6,5.0E-6,1.4000000000000001,1.0207106781186476E-8
5.0E-6,5.0E-6,1.5,1.0207106781186476E-8
5.0E-6,5.0E-6,1.6,1.0207106781186476E-8
5.0E-6,5.0E-6,1.7000000000000002,1.0207106781186476E-8
5.0E-6,5.0E-6,1.8,1.0207106781186476E-8
5.0E-6,5.0E-6,1.9000000000000001,1.0207106781186476E-8
5.0E-6,5.0E-6,2,1.0207106781186476E-8
5.0E-6,5.0E-6,5,1.0207106781186476E-8
5.0E-6,5.0E-6,10,1.0207106781186476E-8
5.0E-6,5.0E-6,100,1.0207106781186476E-8
5.0E-6,5.0E-6,100,1.0207106781186476E-8
5.0E-6,5.0E-6,200,1.0207106781186476E-8
5.0E-6,5.0E-6,300,1.0207106781186476E-8
5.0E-6,5.0E-6,400,1.0207106781186476E-8
5.0E-6,5.0E-6,500,1.0207106781186476E-8
5.0E-6,5.0E-6,600,1.0207106781186476E-8
5.0E-6,5.0E-6,700,1.0207106781186476E-8
5.0E-6,5.0E-6,800,1.0207106781186476E-8
5.0E-6,5.0E-6,900,1.0207106781186476E-8
5.0E-6,5.0E-6,1000,1.0207106781186476E-8
5.0E-6,5.0E-6,2000,1.0207106781186476E-8
5.0E-6,5.0E-6,3000,1.0207106781186476E-8
5.0E-6,5.0E-6,4000,1.0207106781186476E-8
5.0E-6,5.0E-6,5000,1.0207106781186476E-8
5.0E-6,5.0E-6,6000,1.0207106781186476E-8
5.0E-6,5.0E-6,7000,1.0207106781186476E-8
5.0E-6,5.0E-6,8000,1.0207106781186476E-8
5.0E-6,5.0E-6,9000,1.0207106781186476E-8
5.0E-6,5.0E-6,10000,1.0207106781186476E-8
5.0E-6,5.0E-6,20000,1.0207106781186476E-8
5.0E-6,5.0E-6,30000,1.0207106781186476E-8
5.0E-6,5.0E-6,40000,1.0207106781186476E-8
5.0E-6,5.0E-6,50000,1.0207106781186476E-8
5.0E-6,5.0E-6,60000,1.0207106781186476E-8
5.0E-6,5.0E-6,70000,1.0207106781186476E-8
5.0E-6,5.0E-6,80000,1.0207106781186476E-8
5.0E-6,5.0E-6,90000,1.0207106781186476E-8
5.0E-6,5.0E-6,100000,1.0207106781186476E-8
5.0E-6,5.0E-6,110000,1.0207106781186476E-8
5.0E-6,5.0E-6,120000,1.0207106781186476E-8
5.0E-6,5.0E-6,130000,1.0207106781186476E-8
5.0E-6,5.0E-6,140000,1.0207106781186476E-8
5.0E-6,5.0E-6,150000,1.0207106781186476E-8
5.0E-6,5.0E-6,160000,1.0207106781186476E-8
5.0E-6,5.0E-6,170000,1.0207106781186476E-8
5.0E-6,5.0E-6,180000,1.0207106781186476E-8
5.0E-6,5.0E-6,190000,1.0207106781186476E-8
5.0E-6,5.0E-6,200000,1.0207106781186476E-8
5.0E-6,1.25E-5,0,1.0846291201783683E-8
5.0E-6,1.25E-5,0.1,1.0846291201783683E-8
5.0E-6,1.25E-5,0.2,1.0846291201783683E-8
5.0E-6,1.25E-5,0.30000000000000004,1.0846291201783683E-8
5.0E-6,1.25E-5,0.4,1.0846291201783683E-8
5.0E-6,1.25E-5,0.5,1.0846291201783683E-8
5.0E-6,1.25E-5,0.6000000000000001,1.0846291201783683E-8
5.0E-6,1.25E-5,0.7000000000000001,1.0846291201783683E-8
5.0E-6,1.25E-5,0.8,1.0846291201783683E-8
5.0E-6,1.25E-5,0.9,1.0846291201783683E-8
5.0E-6,1.25E-5,1,1.0846291201783683E-8
5.0E-6,1.25E-5,1.1,1.0846291201783683E-8
5.0E-6,1.25E-5,1.2000000000000002,1.0846291201783683E-8
5.0E-6,1.25E-5,1.3,1.0846291201783683E-8
5.0E-6,1.25E-5,1.4000000000000001,1.0846291201783683E-8
5.0E-6,1.25E-5,1.5,1.0846291201783683E-8
5.0E-6,1.25E-5,1.6,1.0846291201783683E-8
5.0E-6,1.25E-5,1.7000000000000002,1.0846291201783683E-8
5.0E-6,1.25E-5,1.8,1.0846291201783683E-8
5.0E-6,1.25E-5,1.9000000000000001,1.0846291201783683E-8
5.0E-6,1.25E-5,2,1.0846291201783683E-8
5.0E-6,1.25E-5,5,1.0846291201783683E-8
5.0E-6,1.25E-5,10,1.0846291201783683E-8
5.0E-6,1.25E-5,100,1.0846291201783683E-8
5.0E-6,1.25E-5,100,1.0846291201783683E-8
5.0E-6,1.25E-5,200,1.0846291201783683E-8
5.0E-6,1.25E-5,300,1.0846291201783683E-8
5.0E-6,1.25E-5,400,1.0846291201783683E-8
5.0E-6,1.25E-5,500,1.0846291201783683E-8
5.0E-6,1.25E-5,600,1.0846291201783683E-8
5.0E-6,1.25E-5,700,1.0846291201783683E-8
5.0E-6,1.25E-5,800,1.0846291201783683E-8
5.0E-6,1.25E-5,900,1.0846291201783683E-8
5.0E-6,1.25E-5,1000,1.0846291201783683E-8
5.0E-6,1.25E-5,2000,1.0846291201783683E-8
5.0E-6,1.25E-5,3000,1.0846291201783683E-8
5.0E-6,1.25E-5,4000,1.0846291201783683E-8
5.0E-6,1.25E-5,5000,1.0846291201783683E-8
5.0E-6,1.25E-5,6000,1.0846291201783683E-8
5.0E-6,1.25E-5,7000,1.0846291201783683E-8
5.0E-6,1.25E-5,8000,1.0846291201783683E-8
5.0E-6,1.25E-5,9000,1.0846291201783683E-8
5.0E-6,1.25E-5,10000,1.0846291201783683E-8
5.0E-6,1.25E-5,20000,1.0846291201783683E-8
5.0E-6,1.25E-5,30000,1.0846291201783683E-8
5.0E-6,1.25E-5,40000,1.0846291201783683E-8
5.0E-6,1.25E-5,50000,1.0846291201783683E-8
5.0E-6,1.25E-5,60000,1.0846291201783683E-8
5.0E-6,1.25E-5,70000,1.0846291201783683E-8
5.0E-6,1.25E-5,80000,1.0846291201783683E-8
5.0E-6,1.25E-5,90000,1.0846291201783683E-8
5.0E-6,1.25E-5,100000,1.0846291201783683E-8
5.0E-6,1.25E-5,110000,1.0846291201783683E-8
5.0E-6,1.25E-5,120000,1.0846291201783683E-8
5.0E-6,1.25E-5,130000,1.0846291201783683E-8
5.0E-6,1.25E-5,140000,1.0846291201783683E-8
5.0E-6,1.25E-5,150000,1.0846291201783683E-8
5.0E-6,1.25E-5,160000,1.0846291201783683E-8
5.0E-6,1.25E-5,170000,1.0846291201783683E-8
5.0E-6,1.25E-5,180000,1.0846291201783683E-8
5.0E-6,1.25E-5,190000,1.0846291201783683E-8
5.0E-6,1.25E-5,200000,1.0846291201783683E-8
5.0E-6,2.0E-5,0,1.1561552812808813E-8
5.0E-6,2.0E-5,0.1,1.1561552812808813E-8
5.0E-6,2.0E-5,0.2,1.1561552812808813E-8
5.0E-6,2.0E-5,0.30000000000000004,1.1561552812808813E-8
5.0E-6,2.0E-5,0.4,1.1561552812808813E-8
5.0E-6,2.0E-5,0.5,1.1561552812808813E-8
5.0E-6,2.0E-5,0.6000000000000001,1.1561552812808813E-8
5.0E-6,2.0E-5,0.7000000000000001,1.1561552812808813E-8
5.0E-6,2.0E-5,0.8,1.1561552812808813E-8
5.0E-6,2.0E-5,0.9,1.1561552812808813E-8
5.0E-6,2.0E-5,1,1.1561552812808813E-8
5.0E-6,2.0E-5,1.1,1.1561552812808813E-8
5.0E-6,2.0E-5,1.2000000000000002,1.1561552812808813E-8
5.0E-6,2.0E-5,1.3,1.1561552812808813E-8
5.0E-6,2.0E-5,1.4000000000000001,1.1561552812808813E-8
5.0E-6,2.0E-5,1.5,1.1561552812808813E-8
5.0E-6,2.0E-5,1.6,1.1561552812808813E-8
5.0E-6,2.0E-5,1.7000000000000002,1.1561552812808813E-8
5.0E-6,2.0E-5,1.8,1.1561552812808813E-8
5.0E-6,2.0E-5,1.9000000000000001,1.1561552812808813E-8
5.0E-6,2.0E-5,2,1.1561552812808813E-8
5.0E-6,2.0E-5,5,1.1561552812808813E-8
5.0E-6,2.0E-5,10,1.1561552812808813E-8
5.0E-6,2.0E-5,100,1.1561552812808813E-8
5.0E-6,2.0E-5,100,1.1561552812808813E-8
5.0E-6,2.0E-5,200,1.1561552812808813E-8
5.0E-6,2.0E-5,300,1.1561552812808813E-8
5.0E-6,2.0E-5,400,1.1561552812808813E-8
5.0E-6,2.0E-5,500,1.1561552812808813E-8
5.0E-6,2.0E-5,600,1.1561552812808813E-8
5.0E-6,2.0E-5,700,1.1561552812808813E-8
5.0E-6,2.0E-5,800,1.1561552812808813E-8
5.0E-6,2.0E-5,900,1.1561552812808813E-8
5.0E-6,2.0E-5,1000,1.1561552812808813E-8
5.0E-6,2.0E-5,2000,1.1561552812808813E-8
5.0E-6,2.0E-5,3000,1.1561552812808813E-8
5.0E-6,2.0E-5,4000,1.1561552812808813E-8
5.0E-6,2.0E-5,5000,1.1561552812808813E-8
5.0E-6,2.0E-5,6000,1.1561552812808813E-8
5.0E-6,2.0E-5,7000,1.1561552812808813E-8
5.0E-6,2.0E-5,8000,1.1561552812808813E-8
5.0E-6,2.0E-5,9000,1.1561552812808813E-8
5.0E-6,2.0E-5,10000,1.1561552812808813E-8
5.0E-6,2.0E-5,20000,1.1561552812808813E-8
5.0E-6,2.0E-5,30000,1.1561552812808813E-8
5.0E-6,2.0E-5,40000,1.1561552812808813E-8
5.0E-6,2.0E-5,50000,1.1561552812808813E-8
5.0E-6,2.0E-5,60000,1.1561552812808813E-8
5.0E-6,2.0E-5,70000,1.1561552812808813E-8
5.0E-6,2.0E-5,80000,1.1561552812808813E-8
5.0E-6,2.0E-5,90000,1.1561552812808813E-8
5.0E-6,2.0E-5,100000,1.1561552812808813E-8
5.0E-6,2.0E-5,110000,1.1561552812808813E-8
5.0E-6,2.0E-5,120000,1.1561552812808813E-8
5.0E-6,2.0E-5,130000,1.1561552812808813E-8
5.0E-6,2.0E-5,140000,1.1561552812808813E-8
5.0E-6,2.0E-5,150000,1.1561552812808813E-8
5.0E-6,2.0E-5,160000,1.1561552812808813E-8
5.0E-6,2.0E-5,170000,1.1561552812808813E-8
5.0E-6,2.0E-5,180000,1.1561552812808813E-8
5.0E-6,2.0E-5,190000,1.1561552812808813E-8
5.0E-6,2.0E-5,200000,1.1561552812808813E-8
5.0E-6,2.75E-5,0,1.229508497187464E-8
5.0E-6,2.75E-5,0.1,1.229508497187464E-8
5.0E-6,2.75E-5,0.2,1.229508497187464E-8
5.0E-6,2.75E-5,0.30000000000000004,1.229508497187464E-8
5.0E-6,2.75E-5,0.4,1.229508497187464E-8
5.0E-6,2.75E-5,0.5,1.229508497187464E-8
5.0E-6,2.75E-5,0.6000000000000001,1.229508497187464E-8
5.0E-6,2.75E-5,0.7000000000000001,1.229508497187464E-8
5.0E-6,2.75E-5,0.8,1.229508497187464E-8
5.0E-6,2.75E-5,0.9,1.229508497187464E-8
5.0E-6,2.75E-5,1,1.229508497187464E-8
5.0E-6,2.75E-5,1.1,1.229508497187464E-8
5.0E-6,2.75E-5,1.2000000000000002,1.229508497187464E-8
5.0E-6,2.75E-5,1.3,1.229508497187464E-8
5.0E-6,2.75E-5,1.4000000000000001,1.229508497187464E-8
5.0E-6,2.75E-5,1.5,1.229508497187464E-8
5.0E-6,2.75E-5,1.6,1.229508497187464E-8
5.0E-6,2.75E-5,1.7000000000000002,1.229508497187464E-8
5.0E-6,2.75E-5,1.8,1.229508497187464E-8
5.0E-6,2.75E-5,1.9000000000000001,1.229508497187464E-8
5.0E-6,2.75E-5,2,1.229508497187464E-8
5.0E-6,2.75E-5,5,1.229508497187464E-8
5.0E-6,2.75E-5,10,1.229508497187464E-8
5.0E-6,2.75E-5,100,1.229508497187464E-8
5.0E-6,2.75E-5,100,1.229508497187464E-8
5.0E-6,2.75E-5,200,1.229508497187464E-8
5.0E-6,2.75E-5,300,1.229508497187464E-8
5.0E-6,2.75E-5,400,1.229508497187464E-8
5.0E-6,2.75E-5,500,1.229508497187464E-8
5.0E-6,2.75E-5,600,1.229508497187464E-8
5.0E-6,2.75E-5,700,1.229508497187464E-8
5.0E-6,2.75E-5,800,1.229508497187464E-8
5.0E-6,2.75E-5,900,1.229508497187464E-8
5.0E-6,2.75E-5,1000,1.229508497187464E-8
5.0E-6,2.75E-5,2000,1.229508497187464E-8
5.0E-6,2.75E-5,3000,1.229508497187464E-8
5.0E-6,2.75E-5,4000,1.229508497187464E-8
5.0E-6,2.75E-5,5000,1.229508497187464E-8
5.0E-6,2.75E-5,6000,1.229508497187464E-8
5.0E-6,2.75E-5,7000,1.229508497187464E-8
5.0E-6,2.75E-5,8000,1.229508497187464E-8
5.0E-6,2.75E-5,9000,1.229508497187464E-8
5.0E-6,2.75E-5,10000,1.229508497187464E-8
5.0E-6,2.75E-5,20000,1.229508497187464E-8
5.0E-6,2.75E-5,30000,1.229508497187464E-8
5.0E-6,2.75E-5,40000,1.229508497187464E-8
5.0E-6,2.75E-5,50000,1.229508497187464E-8
5.0E-6,2.75E-5,60000,1.229508497187464E-8
5.0E-6,2.75E-5,70000,1.229508497187464E-8
5.0E-6,2.75E-5,80000,1.229508497187464E-8
5.0E-6,2.75E-5,90000,1.229508497187464E-8
5.0E-6,2.75E-5,100000,1.229508497187464E-8
5.0E-6,2.75E-5,110000,1.229508497187464E-8
5.0E-6,2.75E-5,120000,1.229508497187464E-8
5.0E-6,2.75E-5,130000,1.229508497187464E-8
5.0E-6,2.75E-5,140000,1.229508497187464E-8
5.0E-6,2.75E-5,150000,1.229508497187464E-8
5.0E-6,2.75E-5,160000,1.229508497187464E-8
5.0E-6,2.75E-5,170000,1.229508497187464E-8
5.0E-6,2.75E-5,180000,1.229508497187464E-8
5.0E-6,2.75E-5,190000,1.229508497187464E-8
5.0E-6,2.75E-5,200000,1.229508497187464E-8
5.0E-6,3.5000000000000004E-5,0,1.3035533905932761E-8
5.0E-6,3.5000000000000004E-5,0.1,1.3035533905932761E-8
5.0E-6,3.5000000000000004E-5,0.2,1.3035533905932761E-8
5.0E-6,3.5000000000000004E-5,0.30000000000000004,1.3035533905932761E-8
5.0E-6,3.5000000000000004E-5,0.4,1.3035533905932761E-8
5.0E-6,3.5000000000000004E-5,0.5,1.3035533905932761E-8
5.0E-6,3.5000000000000004E-5,0.6000000000000001,1.3035533905932761E-8
5.0E-6,3.5000000000000004E-5,0.7000000000000001,1.3035533905932761E-8
5.0E-6,3.5000000000000004E-5,0.8,1.3035533905932761E-8
5.0E-6,3.5000000000000004E-5,0.9,1.3035533905932761E-8
5.0E-6,3.5000000000000004E-5,1,1.3035533905932761E-8
5.0E-6,3.5000000000000004E-5,1.1,1.3035533905932761E-8
5.0E-6,3.5000000000000004E-5,1.2000000000000002,1.3035533905932761E-8
5.0E-6,3.5000000000000004E-5,1.3,1.3035533905932761E-8
5.0E-6,3.5000000000000004E-5,1.4000000000000001,1.3035533905932761E-8
5.0E-6,3.5000000000000004E-5,1.5,1.3035533905932761E-8
5.0E-6,3.5000000000000004E-5,1.6,1.3035533905932761E-8
5.0E-6,3.5000000000000004E-5,1.7000000000000002,1.3035533905932761E-8
5.0E-6,3.5000000000000004E-5,1.8,1.3035533905932761E-8
5.0E-6,3.5000000000000004E-5,1.9000000000000001,1.3035533905932761E-8
5.0E-6,3.5000000000000004E-5,2,1.3035533905932761E-8
5.0E-6,3.5000000000000004E-5,5,1.3035533905932761E-8
5.0E-6,3.5000000000000004E-5,10,1.3035533905932761E-8
5.0E-6,3.5000000000000004E-5,100,1.3035533905932761E-8
5.0E-6,3.5000000000000004E-5,100,1.3035533905932761E-8
5.0E-6,3.5000000000000004E-5,200,1.3035533905932761E-8
5.0E-6,3.5000000000000004E-5,300,1.3035533905932761E-8
5.0E-6,3.5000000000000004E-5,400,1.3035533905932761E-8
5.0E-6,3.5000000000000004E-5,500,1.3035533905932761E-8
5.0E-6,3.5000000000000004E-5,600,1.3035533905932761E-8
5.0E-6,3.5000000000000004E-5,700,1.3035533905932761E-8
5.0E-6,3.5000000000000004E-5,800,1.3035533905932761E-8
5.0E-6,3.5000000000000004E-5,900,1.3035533905932761E-8
5.0E-6,3.5000000000000004E-5,1000,1.3035533905932761E-8
5.0E-6,3.5000000000000004E-5,2000,1.3035533905932761E-8
5.0E-6,3.5000000000000004E-5,3000,1.3035533905932761E-8
5.0E-6,3.5000000000000004E-5,4000,1.3035533905932761E-8
5.0E-6,3.5000000000000004E-5,5000,1.3035533905932761E-8
5.0E-6,3.5000000000000004E-5,6000,1.3035533905932761E-8
5.0E-6,3.5000000000000004E-5,7000,1.3035533905932761E-8
5.0E-6,3.5000000000000004E-5,8000,1.3035533905932761E-8
5.0E-6,3.5000000000000004E-5,9000,1.3035533905932761E-8
5.0E-6,3.5000000000000004E-5,10000,1.3035533905932761E-8
5.0E-6,3.5000000000000004E-5,20000,1.3035533905932761E-8
5.0E-6,3.5000000000000004E-5,30000,1.3035533905932761E-8
5.0E-6,3.5000000000000004E-5,40000,1.3035533905932761E-8
5.0E-6,3.5000000000000004E-5,50000,1.3035533905932761E-8
5.0E-6,3.5000000000000004E-5,60000,1.3035533905932761E-8
5.0E-6,3.5000000000000004E-5,70000,1.3035533905932761E-8
5.0E-6,3.5000000000000004E-5,80000,1.3035533905932761E-8
5.0E-6,3.5000000000000004E-5,90000,1.3035533905932761E-8
5.0E-6,3.5000000000000004E-5,100000,1.3035533905932761E-8
5.0E-6,3.5000000000000004E-5,110000,1.3035533905932761E-8
5.0E-6,3.5000000000000004E-5,120000,1.3035533905932761E-8
5.0E-6,3.5000000000000004E-5,130000,1.3035533905932761E-8
5.0E-6,3.5000000000000004E-5,140000,1.3035533905932761E-8
5.0E-6,3.5000000000000004E-5,150000,1.3035533905932761E-8
5.0E-6,3.5000000000000004E-5,160000,1.3035533905932761E-8
5.0E-6,3.5000000000000004E-5,170000,1.3035533905932761E-8
5.0E-6,3.5000000000000004E-5,180000,1.3035533905932761E-8
5.0E-6,3.5000000000000004E-5,190000,1.3035533905932761E-8
5.0E-6,3.5000000000000004E-5,200000,1.3035533905932761E-8
1.0E-5,5.0E-6,0,1.0118033988749914E-8
1.0E-5,5.0E-6,0.1,1.0118033988749914E-8
1.0E-5,5.0E-6,0.2,1.0118033988749914E-8
1.0E-5,5.0E-6,0.30000000000000004,1.0118033988749914E-8
1.0E-5,5.0E-6,0.4,1.0118033988749914E-8
1.0E-5,5.0E-6,0.5,1.0118033988749914E-8
1.0E-5,5.0E-6,0.6000000000000001,1.0118033988749914E-8
1.0E-5,5.0E-6,0.7000000000000001,1.0118033988749914E-8
1.0E-5,5.0E-6,0.8,1.0118033988749914E-8
1.0E-5,5.0E-6,0.9,1.0118033988749914E-8
1.0E-5,5.0E-6,1,1.0118033988749914E-8
1.0E-5,5.0E-6,1.1,1.0118033988749914E-8
1.0E-5,5.0E-6,1.2000000000000002,1.0118033988749914E-8
1.0E-5,5.0E-6,1.3,1.0118033988749914E-8
1.0E-5,5.0E-6,1.4000000000000001,1.0118033988749914E-8
1.0E-5,5.0E-6,1.5,1.0118033988749914E-8
1.0E-5,5.0E-6,1.6,1.0118033988749914E-8
1.0E-5,5.0E-6,1.7000000000000002,1.0118033988749914E-8
1.0E-5,5.0E-6,1.8,1.0118033988749914E-8
1.0E-5,5.0E-6,1.9000000000000001,1.0118033988749914E-8
1.0E-5,5.0E-6,2,1.0118033988749914E-8
1.0E-5,5.0E-6,5,1.0118033988749914E-8
1.0E-5,5.0E-6,10,1.0118033988749914E-8
1.0E-5,5.0E-6,100,1.0118033988749914E-8
1.0E-5,5.0E-6,100,1.0118033988749914E-8
1.0E-5,5.0E-6,200,1.0118033988749914E-8
1.0E-5,5.0E-6,300,1.0118033988749914E-8
1.0E-5,5.0E-6,400,1.0118033988749914E-8
1.0E-5,5.0E-6,500,1.0118033988749914E-8
1.0E-5,5.0E-6,600,1.0118033988749914E-8
1.0E-5,5.0E-6,700,1.0118033988749914E-8
1.0E-5,5.0E-6,800,1.0118033988749914E-8
1.0E-5,5.0E-6,900,1.0118033988749914E-8
1.0E-5,5.0E-6,1000,1.0118033988749914E-8
1.0E-5,5.0E-6,2000,1.0118033988749914E-8
1.0E-5,5.0E-6,3000,1.0118033988749914E-8
1.0E-5,5.0E-6,4000,1.0118033988749914E-8
1.0E-5,5.0E-6,5000,1.0118033988749914E-8
1.0E-5,5.0E-6,6000,1.0118033988749914E-8
1.0E-5,5.0E-6,7000,1.0118033988749914E-8
1.0E-5,5.0E-6,8000,1.0118033988749914E-8
1.0E-5,5.0E-6,9000,1.0118033988749914E-8
1.0E-5,5.0E-6,10000,1.0118033988749914E-8
1.0E-5,5.0E-6,20000,1.0118033988749914E-8
1.0E-5,5.0E-6,30000,1.0118033988749914E-8
1.0E-5,5.0E-6,40000,1.0118033988749914E-8
1.0E-5,5.0E-6,50000,1.0118033988749914E-8
1.0E-5,5.0E-6,60000,1.0118033988749914E-8
1.0E-5,5.0E-6,70000,1.0118033988749914E-8
1.0E-5,5.0E-6,80000,1.0118033988749914E-8
1.0E-5,5.0E-6,90000,1.0118033988749914E-8
1.0E-5,5.0E-6,100000,1.0118033988749914E-8
1.0E-5,5.0E-6,110000,1.0118033988749914E-8
1.0E-5,5.0E-6,120000,1.0118033988749914E-8
1.0E-5,5.0E-6,130000,1.0118033988749914E-8
1.0E-5,5.0E-6,140000,1.0118033988749914E-8
1.0E-5,5.0E-6,150000,1.0118033988749914E-8
1.0E-5,5.0E-6,160000,1.0118033988749914E-8
1.0E-5,5.0E-6,170000,1.0118033988749914E-8
1.0E-5,5.0E-6,180000,1.0118033988749914E-8
1.0E-5,5.0E-6,190000,1.0118033988749914E-8
1.0E-5,5.0E-6,200000,1.0118033988749914E-8
1.0E-5,1.25E-5,0,1.0600781059358239E-8
1.0E-5,1.25E-5,0.1,1.0600781059358239E-8
1.0E-5,1.25E-5,0.2,1.0600781059358239E-8
1.0E-5,1.25E-5,0.30000000000000004,1.0600781059358239E-8
1.0E-5,1.25E-5,0.4,1.0600781059358239E-8
1.0E-5,1.25E-5,0.5,1.0600781059358239E-8
1.0E-5,1.25E-5,0.6000000000000001,1.0600781059358239E-8
1.0E-5,1.25E-5,0.7000000000000001,1.0600781059358239E-8
1.0E-5,1.25E-5,0.8,1.0600781059358239E-8
1.0E-5,1.25E-5,0.9,1.0600781059358239E-8
1.0E-5,1.25E-5,1,1.0600781059358239E-8
1.0E-5,1.25E-5,1.1,1.0600781059358239E-8
1.0E-5,1.25E-5,1.2000000000000002,1.0600781059358239E-8
1.0E-5,1.25E-5,1.3,1.0600781059358239E-8
1.0E-5,1.25E-5,1.4000000000000001,1.0600781059358239E-8
1.0E-5,1.25E-5,1.5,1.0600781059358239E-8
1.0E-5,1.25E-5,1.6,1.0600781059358239E-8
1.0E-5,1.25E-5,1.7000000000000002,1.0600781059358239E-8
1.0E-5,1.25E-5,1.8,1.0600781059358239E-8
1.0E-5,1.25E-5,1.9000000000000001,1.0600781059358239E-8
1.0E-5,1.25E-5,2,1.0600781059358239E-8
1.0E-5,1.25E-5,5,1.0600781059358239E-8
1.0E-5,1.25E-5,10,1.0600781059358239E-8
1.0E-5,1.25E-5,100,1.0600781059358239E-8
1.0E-5,1.25E-5,100,1.0600781059358239E-8
1.0E-5,1.25E-5,200,1.0600781059358239E-8
1.0E-5,1.25E-5,300,1.0600781059358239E-8
1.0E-5,1.25E-5,400,1.0600781059358239E-8
1.0E-5,1.25E-5,500,1.0600781059358239E-8
1.0E-5,1.25E-5,600,1.0600781059358239E-8
1.0E-5,1.25E-5,700,1.0600781059358239E-8
1.0E-5,1.25E-5,800,1.0600781059358239E-8
1.0E-5,1.25E-5,900,1.0600781059358239E-8
1.0E-5,1.25E-5,1000,1.0600781059358239E-8
1.0E-5,1.25E-5,2000,1.0600781059358239E-8
1.0E-5,1.25E-5,3000,1.0600781059358239E-8
1.0E-5,1.25E-5,4000,1.0600781059358239E-8
1.0E-5,1.25E-5,5000,1.0600781059358239E-8
1.0E-5,1.25E-5,6000,1.0600781059358239E-8
1.0E-5,1.25E-5,7000,1.0600781059358239E-8
1.0E-5,1.25E-5,8000,1.0600781059358239E-8
1.0E-5,1.25E-5,9000,1.0600781059358239E-8
1.0E-5,1.25E-5,10000,1.0600781059358239E-8
1.0E-5,1.25E-5,20000,1.0600781059358239E-8
1.0E-5,1.25E-5,30000,1.0600781059358239E-8
1.0E-5,1.25E-5,40000,1.0600781059358239E-8
1.0E-5,1.25E-5,50000,1.0600781059358239E-8
1.0E-5,1.25E-5,60000,1.0600781059358239E-8
1.0E-5,1.25E-5,70000,1.0600781059358239E-8
1.0E-5,1.25E-5,80000,1.0600781059358239E-8
1.0E-5,1.25E-5,90000,1.0600781059358239E-8
1.0E-5,1.25E-5,100000,1.0600781059358239E-8
1.0E-5,1.25E-5,110000,1.0600781059358239E-8
1.0E-5,1.25E-5,120000,1.0600781059358239E-8
1.0E-5,1.25E-5,130000,1.0600781059358239E-8
1.0E-5,1.25E-5,140000,1.0600781059358239E-8
1.0E-5,1.25E-5,150000,1.0600781059358239E-8
1.0E-5,1.25E-5,160000,1.0600781059358239E-8
1.0E-5,1.25E-5,170000,1.0600781059358239E-8
1.0E-5,1.25E-5,180000,1.0600781059358239E-8
1.0E-5,1.25E-5,190000,1.0600781059358239E-8
1.0E-5,1.25E-5,200000,1.0600781059358239E-8
1.0E-5,2.0E-5,0,1.1236067977499831E-8
1.0E-5,2.0E-5,0.1,1.1236067977499831E-8
1.0E-5,2.0E-5,0.2,1.1236067977499831E-8
1.0E-5,2.0E-5,0.30000000000000004,1.1236067977499831E-8
1.0E-5,2.0E-5,0.4,1.1236067977499831E-8
1.0E-5,2.0E-5,0.5,1.1236067977499831E-8
1.0E-5,2.0E-5,0.6000000000000001,1.1236067977499831E-8
1.0E-5,2.0E-5,0.7000000000000001,1.1236067977499831E-8
1.0E-5,2.0E-5,0.8,1.1236067977499831E-8
1.0E-5,2.0E-5,0.9,1.1236067977499831E-8
1.0E-5,2.0E-5,1,1.1236067977499831E-8
1.0E-5,2.0E-5,1.1,1.1236067977499831E-8
1.0E-5,2.0E-5,1.2000000000000002,1.1236067977499831E-8
1.0E-5,2.0E-5,1.3,1.1236067977499831E-8
1.0E-5,2.0E-5,1.4000000000000001,1.1236067977499831E-8
1.0E-5,2.0E-5,1.5,1.1236067977499831E-8
1.0E-5,2.0E-5,1.6,1.1236067977499831E-8
1.0E-5,2.0E-5,1.7000000000000002,1.1236067977499831E-8
1.0E-5,2.0E-5,1.8,1.1236067977499831E-8
1.0E-5,2.0E-5,1.9000000000000001,1.1236067977499831E-8
1.0E-5,2.0E-5,2,1.1236067977499831E-8
1.0E-5,2.0E-5,5,1.1236067977499831E-8
1.0E-5,2.0E-5,10,1.1236067977499831E-8
1.0E-5,2.0E-5,100,1.1236067977499831E-8
1.0E-5,2.0E-5,100,1.1236067977499831E-8
1.0E-5,2.0E-5,200,1.1236067977499831E-8
1.0E-5,2.0E-5,300,1.1236067977499831E-8
1.0E-5,2.0E-5,400,1.1236067977499831E-8
1.0E-5,2.0E-5,500,1.1236067977499831E-8
1.0E-5,2.0E-5,600,1.1236067977499831E-8
1.0E-5,2.0E-5,700,1.1236067977499831E-8
1.0E-5,2.0E-5,800,1.1236067977499831E-8
1.0E-5,2.0E-5,900,1.1236067977499831E-8
1.0E-5,2.0E-5,1000,1.1236067977499831E-8
1.0E-5,2.0E-5,2000,1.1236067977499831E-8
1.0E-5,2.0E-5,3000,1.1236067977499831E-8
1.0E-5,2.0E-5,4000,1.1236067977499831E-8
1.0E-5,2.0E-5,5000,1.1236067977499831E-8
1.0E-5,2.0E-5,6000,1.1236067977499831E-8
1.0E-5,2.0E-5,7000,1.1236067977499831E-8
1.0E-5,2.0E-5,8000,1.1236067977499831E-8
1.0E-5,2.0E-5,9000,1.1236067977499831E-8
1.0E-5,2.0E-5,10000,1.1236067977499831E-8
1.0E-5,2.0E-5,20000,1.1236067977499831E-8
1.0E-5,2.0E-5,30000,1.1236067977499831E-8
1.0E-5,2.0E-5,40000,1.1236067977499831E-8
1.0E-5,2.0E-5,50000,1.1236067977499831E-8
1.0E-5,2.0E-5,60000,1.1236067977499831E-8
1.0E-5,2.0E-5,70000,1.1236067977499831E-8
1.0E-5,2.0E-5,80000,1.1236067977499831E-8
1.0E-5,2.0E-5,90000,1.1236067977499831E-8
1.0E-5,2.0E-5,100000,1.1236067977499831E-8
1.0E-5,2.0E-5,110000,1.1236067977499831E-8
1.0E-5,2.0E-5,120000,1.1236067977499831E-8
1.0E-5,2.0E-5,130000,1.1236067977499831E-8
1.0E-5,2.0E-5,140000,1.1236067977499831E-8
1.0E-5,2.0E-5,150000,1.1236067977499831E-8
1.0E-5,2.0E-5,160000,1.1236067977499831E-8
1.0E-5,2.0E-5,170000,1.1236067977499831E-8
1.0E-5,2.0E-5,180000,1.1236067977499831E-8
1.0E-5,2.0E-5,190000,1.1236067977499831E-8
1.0E-5,2.0E-5,200000,1.1236067977499831E-8
1.0E-5,2.75E-5,0,1.1926174977679828E-8
1.0E-5,2.75E-5,0.1,1.1926174977679828E-8
1.0E-5,2.75E-5,0.2,1.1926174977679828E-8
1.0E-5,2.75E-5,0.30000000000000004,1.1926174977679828E-8
1.0E-5,2.75E-5,0.4,1.1926174977679828E-8
1.0E-5,2.75E-5,0.5,1.1926174977679828E-8
1.0E-5,2.75E-5,0.6000000000000001,1.1926174977679828E-8
1.0E-5,2.75E-5,0.7000000000000001,1.1926174977679828E-8
1.0E-5,2.75E-5,0.8,1.1926174977679828E-8
1.0E-5,2.75E-5,0.9,1.1926174977679828E-8
1.0E-5,2.75E-5,1,1.1926174977679828E-8
1.0E-5,2.75E-5,1.1,1.1926174977679828E-8
1.0E-5,2.75E-5,1.2000000000000002,1.1926174977679828E-8
1.0E-5,2.75E-5,1.3,1.1926174977679828E-8
1.0E-5,2.75E-5,1.4000000000000001,1.1926174977679828E-8
1.0E-5,2.75E-5,1.5,1.1926174977679828E-8
1.0E-5,2.75E-5,1.6,1.1926174977679828E-8
1.0E-5,2.75E-5,1.7000000000000002,1.1926174977679828E-8
1.0E-5,2.75E-5,1.8,1.1926174977679828E-8
1.0E-5,2.75E-5,1.9000000000000001,1.1926174977679828E-8
1.0E-5,2.75E-5,2,1.1926174977679828E-8
1.0E-5,2.75E-5,5,1.1926174977679828E-8
1.0E-5,2.75E-5,10,1.1926174977679828E-8
1.0E-5,2.75E-5,100,1.1926174977679828E-8
1.0E-5,2.75E-5,100,1.1926174977679828E-8
1.0E-5,2.75E-5,200,1.1926174977679828E-8
1.0E-5,2.75E-5,300,1.1926174977679828E-8
1.0E-5,2.75E-5,400,1.1926174977679828E-8
1.0E-5,2.75E-5,500,1.1926174977679828E-8
1.0E-5,2.75E-5,600,1.1926174977679828E-8
1.0E-5,2.75E-5,700,1.1926174977679828E-8
1.0E-5,2.75E-5,800,1.1926174977679828E-8
1.0E-5,2.75E-5,900,1.1926174977679828E-8
1.0E-5,2.75E-5,1000,1.1926174977679828E-8
1.0E-5,2.75E-5,2000,1.1926174977679828E-8
1.0E-5,2.75E-5,3000,1.1926174977679828E-8
1.0E-5,2.75E-5,4000,1.1926174977679828E-8
1.0E-5,2.75E-5,5000,1.1926174977679828E-8
1.0E-5,2.75E-5,6000,1.1926174977679828E-8
1.0E-5,2.75E-5,7000,1.1926174977679828E-8
1.0E-5,2.75E-5,8000,1.1926174977679828E-8
1.0E-5,2.75E-5,9000,1.1926174977679828E-8
1.0E-5,2.75E-5,10000,1.1926174977679828E-8
1.0E-5,2.75E-5,20000,1.1926174977679828E-8
1.0E-5,2.75E-5,30000,1.1926174977679828E-8
1.0E-5,2.75E-5,40000,1.1926174977679828E-8
1.0E-5,2.75E-5,50000,1.1926174977679828E-8
1.0E-5,2.75E-5,60000,1.1926174977679828E-8
1.0E-5,2.75E-5,70000,1.1926174977679828E-8
1.0E-5,2.75E-5,80000,1.1926174977679828E-8
1.0E-5,2.75E-5,90000,1.1926174977679828E-8
1.0E-5,2.75E-5,100000,1.1926174977679828E-8
1.0E-5,2.75E-5,110000,1.1926174977679828E-8
1.0E-5,2.75E-5,120000,1.1926174977679828E-8
1.0E-5,2.75E-5,130000,1.1926174977679828E-8
1.0E-5,2.75E-5,140000,1.1926174977679828E-8
1.0E-5,2.75E-5,150000,1.1926174977679828E-8
1.0E-5,2.75E-5,160000,1.1926174977679828E-8
1.0E-5,2.75E-5,170000,1.1926174977679828E-8
1.0E-5,2.75E-5,180000,1.1926174977679828E-8
1.0E-5,2.75E-5,190000,1.1926174977679828E-8
1.0E-5,2.75E-5,200000,1.1926174977679828E-8
1.0E-5,3.5000000000000004E-5,0,1.2640054944640197E-8
1.0E-5,3.5000000000000004E-5,0.1,1.2640054944640197E-8
1.0E-5,3.5000000000000004E-5,0.2,1.2640054944640197E-8
1.0E-5,3.5000000000000004E-5,0.30000000000000004,1.2640054944640197E-8
1.0E-5,3.5000000000000004E-5,0.4,1.2640054944640197E-8
1.0E-5,3.5000000000000004E-5,0.5,1.2640054944640197E-8
1.0E-5,3.5000000000000004E-5,0.6000000000000001,1.2640054944640197E-8
1.0E-5,3.5000000000000004E-5,0.7000000000000001,1.2640054944640197E-8
1.0E-5,3.5000000000000004E-5,0.8,1.2640054944640197E-8
1.0E-5,3.5000000000000004E-5,0.9,1.2640054944640197E-8
1.0E-5,3.5000000000000004E-5,1,1.2640054944640197E-8
1.0E-5,3.5000000000000004E-5,1.1,1.2640054944640197E-8
1.0E-5,3.5000000000000004E-5,1.2000000000000002,1.2640054944640197E-8
1.0E-5,3.5000000000000004E-5,1.3,1.2640054944640197E-8
1.0E-5,3.5000000000000004E-5,1.4000000000000001,1.2640054944640197E-8
1.0E-5,3.5000000000000004E-5,1.5,1.2640054944640197E-8
1.0E-5,3.5000000000000004E-5,1.6,1.2640054944640197E-8
1.0E-5,3.5000000000000004E-5,1.7000000000000002,1.2640054944640197E-8
1.0E-5,3.5000000000000004E-5,1.8,1.2640054944640197E-8
1.0E-5,3.5000000000000004E-5,1.9000000000000001,1.2640054944640197E-8
1.0E-5,3.5000000000000004E-5,2,1.2640054944640197E-8
1.0E-5,3.5000000000000004E-5,5,1.2640054944640197E-8
1.0E-5,3.5000000000000004E-5,10,1.2640054944640197E-8
1.0E-5,3.5000000000000004E-5,100,1.2640054944640197E-8
1.0E-5,3.5000000000000004E-5,100,1.2640054944640197E-8
1.0E-5,3.5000000000000004E-5,200,1.2640054944640197E-8
1.0E-5,3.5000000000000004E-5,300,1.2640054944640197E-8
1.0E-5,3.5000000000000004E-5,400,1.2640054944640197E-8
1.0E-5,3.5000000000000004E-5,500,1.2640054944640197E-8
1.0E-5,3.5000000000000004E-5,600,1.2640054944640197E-8
1.0E-5,3.5000000000000004E-5,700,1.2640054944640197E-8
1.0E-5,3.5000000000000004E-5,800,1.2640054944640197E-8
1.0E-5,3.5000000000000004E-5,900,1.2640054944640197E-8
1.0E-5,3.5000000000000004E-5,1000,1.2640054944640197E-8
1.0E-5,3.5000000000000004E-5,2000,1.2640054944640197E-8
1.0E-5,3.5000000000000004E-5,3000,1.2640054944640197E-8
1.0E-5,3.5000000000000004E-5,4000,1.2640054944640197E-8
1.0E-5,3.5000000000000004E-5,5000,1.2640054944640197E-8
1.0E-5,3.5000000000000004E-5,6000,1.2640054944640197E-8
1.0E-5,3.5000000000000004E-5,7000,1.2640054944640197E-8
1.0E-5,3.5000000000000004E-5,8000,1.2640054944640197E-8
1.0E-5,3.5000000000000004E-5,9000,1.2640054944640197E-8
1.0E-5,3.5000000000000004E-5,10000,1.2640054944640197E-8
1.0E-5,3.5000000000000004E-5,20000,1.2640054944640197E-8
1.0E-5,3.5000000000000004E-5,30000,1.2640054944640197E-8
1.0E-5,3.5000000000000004E-5,40000,1.2640054944640197E-8
1.0E-5,3.5000000000000004E-5,50000,1.2640054944640197E-8
1.0E-5,3.5000000000000004E-5,60000,1.2640054944640197E-8
1.0E-5,3.5000000000000004E-5,70000,1.2640054944640197E-8
1.0E-5,3.5000000000000004E-5,80000,1.2640054944640197E-8
1.0E-5,3.5000000000000004E-5,90000,1.2640054944640197E-8
1.0E-5,3.5000000000000004E-5,100000,1.2640054944640197E-8
1.0E-5,3.5000000000000004E-5,110000,1.2640054944640197E-8
1.0E-5,3.5000000000000004E-5,120000,1.2640054944640197E-8
1.0E-5,3.5000000000000004E-5,130000,1.2640054944640197E-8
1.0E-5,3.5000000000000004E-5,140000,1.2640054944640197E-8
1.0E-5,3.5000000000000004E-5,150000,1.2640054944640197E-8
1.0E-5,3.5000000000000004E-5,160000,1.2640054944640197E-8
1.0E-5,3.5000000000000004E-5,170000,1.2640054944640197E-8
1.0E-5,3.5000000000000004E-5,180000,1.2640054944640197E-8
1.0E-5,3.5000000000000004E-5,190000,1.2640054944640197E-8
1.0E-5,3.5000000000000004E-5,200000,1.2640054944640197E-8
2.0E-5,5.0E-6,0,1.0061552812808759E-8
2.0E-5,5.0E-6,0.1,1.0061552812808759E-8
2.0E-5,5.0E-6,0.2,1.0061552812808759E-8
2.0E-5,5.0E-6,0.30000000000000004,1.0061552812808759E-8
2.0E-5,5.0E-6,0.4,1.0061552812808759E-8
2.0E-5,5.0E-6,0.5,1.0061552812808759E-8
2.0E-5,5.0E-6,0.6000000000000001,1.0061552812808759E-8
2.0E-5,5.0E-6,0.7000000000000001,1.0061552812808759E-8
2.0E-5,5.0E-6,0.8,1.0061552812808759E-8
2.0E-5,5.0E-6,0.9,1.0061552812808759E-8
2.0E-5,5.0E-6,1,1.0061552812808759E-8
2.0E-5,5.0E-6,1.1,1.0061552812808759E-8
2.0E-5,5.0E-6,1.2000000000000002,1.0061552812808759E-8
2.0E-5,5.0E-6,1.3,1.0061552812808759E-8
2.0E-5,5.0E-6,1.4000000000000001,1.0061552812808759E-8
2.0E-5,5.0E-6,1.5,1.0061552812808759E-8
2.0E-5,5.0E-6,1.6,1.0061552812808759E-8
2.0E-5,5.0E-6,1.7000000000000002,1.0061552812808759E-8
2.0E-5,5.0E-6,1.8,1.0061552812808759E-8
2.0E-5,5.0E-6,1.9000000000000001,1.0061552812808759E-8
2.0E-5,5.0E-6,2,1.0061552812808759E-8
2.0E-5,5.0E-6,5,1.0061552812808759E-8
2.0E-5,5.0E-6,10,1.0061552812808759E-8
2.0E-5,5.0E-6,100,1.0061552812808759E-8
2.0E-5,5.0E-6,100,1.0061552812808759E-8
2.0E-5,5.0E-6,200,1.0061552812808759E-8
2.0E-5,5.0E-6,300,1.0061552812808759E-8
2.0E-5,5.0E-6,400,1.0061552812808759E-8
2.0E-5,5.0E-6,500,1.0061552812808759E-8
2.0E-5,5.0E-6,600,1.0061552812808759E-8
2.0E-5,5.0E-6,700,1.0061552812808759E-8
2.0E-5,5.0E-6,800,1.0061552812808759E-8
2.0E-5,5.0E-6,900,1.0061552812808759E-8
2.0E-5,5.0E-6,1000,1.0061552812808759E-8
2.0E-5,5.0E-6,2000,1.0061552812808759E-8
2.0E-5,5.0E-6,3000,1.0061552812808759E-8
2.0E-5,5.0E-6,4000,1.0061552812808759E-8
2.0E-5,5.0E-6,5000,1.0061552812808759E-8
2.0E-5,5.0E-6,6000,1.0061552812808759E-8
2.0E-5,5.0E-6,7000,1.0061552812808759E-8
2.0E-5,5.0E-6,8000,1.0061552812808759E-8
2.0E-5,5.0E-6,9000,1.0061552812808759E-8
2.0E-5,5.0E-6,10000,1.0061552812808759E-8
2.0E-5,5.0E-6,20000,1.0061552812808759E-8
2.0E-5,5.0E-6,30000,1.0061552812808759E-8
2.0E-5,5.0E-6,40000,1.0061552812808759E-8
2.0E-5,5.0E-6,50000,1.0061552812808759E-8
2.0E-5,5.0E-6,60000,1.0061552812808759E-8
2.0E-5,5.0E-6,70000,1.0061552812808759E-8
2.0E-5,5.0E-6,80000,1.0061552812808759E-8
2.0E-5,5.0E-6,90000,1.0061552812808759E-8
2.0E-5,5.0E-6,100000,1.0061552812808759E-8
2.0E-5,5.0E-6,110000,1.0061552812808759E-8
2.0E-5,5.0E-6,120000,1.0061552812808759E-8
2.0E-5,5.0E-6,130000,1.0061552812808759E-8
2.0E-5,5.0E-6,140000,1.0061552812808759E-8
2.0E-5,5.0E-6,150000,1.0061552812808759E-8
2.0E-5,5.0E-6,160000,1.0061552812808759E-8
2.0E-5,5.0E-6,170000,1.0061552812808759E-8
2.0E-5,5.0E-6,180000,1.0061552812808759E-8
2.0E-5,5.0E-6,190000,1.0061552812808759E-8
2.0E-5,5.0E-6,200000,1.0061552812808759E-8
2.0E-5,1.25E-5,0,1.0358495283014165E-8
2.0E-5,1.25E-5,0.1,1.0358495283014165E-8
2.0E-5,1.25E-5,0.2,1.0358495283014165E-8
2.0E-5,1.25E-5,0.30000000000000004,1.0358495283014165E-8
2.0E-5,1.25E-5,0.4,1.0358495283014165E-8
2.0E-5,1.25E-5,0.5,1.0358495283014165E-8
2.0E-5,1.25E-5,0.6000000000000001,1.0358495283014165E-8
2.0E-5,1.25E-5,0.7000000000000001,1.0358495283014165E-8
2.0E-5,1.25E-5,0.8,1.0358495283014165E-8
2.0E-5,1.25E-5,0.9,1.0358495283014165E-8
2.0E-5,1.25E-5,1,1.0358495283014165E-8
2.0E-5,1.25E-5,1.1,1.0358495283014165E-8
2.0E-5,1.25E-5,1.2000000000000002,1.0358495283014165E-8
2.0E-5,1.25E-5,1.3,1.0358495283014165E-8
2.0E-5,1.25E-5,1.4000000000000001,1.0358495283014165E-8
2.0E-5,1.25E-5,1.5,1.0358495283014165E-8
2.0E-5,1.25E-5,1.6,1.0358495283014165E-8
2.0E-5,1.25E-5,1.7000000000000002,1.0358495283014165E-8
2.0E-5,1.25E-5,1.8,1.0358495283014165E-8
2.0E-5,1.25E-5,1.9000000000000001,1.0358495283014165E-8
2.0E-5,1.25E-5,2,1.0358495283014165E-8
2.0E-5,1.25E-5,5,1.0358495283014165E-8
2.0E-5,1.25E-5,10,1.0358495283014165E-8
2.0E-5,1.25E-5,100,1.0358495283014165E-8
2.0E-5,1.25E-5,100,1.0358495283014165E-8
2.0E-5,1.25E-5,200,1.0358495283014165E-8
2.0E-5,1.25E-5,300,1.0358495283014165E-8
2.0E-5,1.25E-5,400,1.0358495283014165E-8
2.0E-5,1.25E-5,500,1.0358495283014165E-8
2.0E-5,1.25E-5,600,1.0358495283014165E-8
2.0E-5,1.25E-5,700,1.0358495283014165E-8
2.0E-5,1.25E-5,800,1.0358495283014165E-8
2.0E-5,1.25E-5,900,1.0358495283014165E-8
2.0E-5,1.25E-5,1000,1.0358495283014165E-8
2.0E-5,1.25E-5,2000,1.0358495283014165E-8
2.0E-5,1.25E-5,3000,1.0358495283014165E-8
2.0E-5,1.25E-5,4000,1.0358495283014165E-8
2.0E-5,1.25E-5,5000,1.0358495283014165E-8
2.0E-5,1.25E-5,6000,1.0358495283014165E-8
2.0E-5,1.25E-5,7000,1.0358495283014165E-8
2.0E-5,1.25E-5,8000,1.0358495283014165E-8
2.0E-5,1.25E-5,9000,1.0358495283014165E-8
2.0E-5,1.25E-5,10000,1.0358495283014165E-8
2.0E-5,1.25E-5,20000,1.0358495283014165E-8
2.0E-5,1.25E-5,30000,1.0358495283014165E-8
2.0E-5,1.25E-5,40000,1.0358495283014165E-8
2.0E-5,1.25E-5,50000,1.0358495283014165E-8
2.0E-5,1.25E-5,60000,1.0358495283014165E-8
2.0E-5,1.25E-5,70000,1.0358495283014165E-8
2.0E-5,1.25E-5,80000,1.0358495283014165E-8
2.0E-5,1.25E-5,90000,1.0358495283014165E-8
2.0E-5,1.25E-5,100000,1.0358495283014165E-8
2.0E-5,1.25E-5,110000,1.0358495283014165E-8
2.0E-5,1.25E-5,120000,1.0358495283014165E-8
2.0E-5,1.25E-5,130000,1.0358495283014165E-8
2.0E-5,1.25E-5,140000,1.0358495283014165E-8
2.0E-5,1.25E-5,150000,1.0358495283014165E-8
2.0E-5,1.25E-5,160000,1.0358495283014165E-8
2.0E-5,1.25E-5,170000,1.0358495283014165E-8
2.0E-5,1.25E-5,180000,1.0358495283014165E-8
2.0E-5,1.25E-5,190000,1.0358495283014165E-8
2.0E-5,1.25E-5,200000,1.0358495283014165E-8
2.0E-5,2.0E-5,0,1.0828427124746289E-8
2.0E-5,2.0E-5,0.1,1.0828427124746289E-8
2.0E-5,2.0E-5,0.2,1.0828427124746289E-8
2.0E-5,2.0E-5,0.30000000000000004,1.0828427124746289E-8
2.0E-5,2.0E-5,0.4,1.0828427124746289E-8
2.0E-5,2.0E-5,0.5,1.0828427124746289E-8
2.0E-5,2.0E-5,0.6000000000000001,1.0828427124746289E-8
2.0E-5,2.0E-5,0.7000000000000001,1.0828427124746289E-8
2.0E-5,2.0E-5,0.8,1.0828427124746289E-8
2.0E-5,2.0E-5,0.9,1.0828427124746289E-8
2.0E-5,2.0E-5,1,1.0828427124746289E-8
2.0E-5,2.0E-5,1.1,1.0828427124746289E-8
2.0E-5,2.0E-5,1.2000000000000002,1.0828427124746289E-8
2.0E-5,2.0E-5,1.3,1.0828427124746289E-8
2.0E-5,2.0E-5,1.4000000000000001,1.0828427124746289E-8
2.0E-5,2.0E-5,1.5,1.0828427124746289E-8
2.0E-5,2.0E-5,1.6,1.0828427124746289E-8
2.0E-5,2.0E-5,1.7000000000000002,1.0828427124746289E-8
2.0E-5,2.0E-5,1.8,1.0828427124746289E-8
2.0E-5,2.0E-5,1.9000000000000001,1.0828427124746289E-8
2.0E-5,2.0E-5,2,1.0828427124746289E-8
2.0E-5,2.0E-5,5,1.0828427124746289E-8
2.0E-5,2.0E-5,10,1.0828427124746289E-8
2.0E-5,2.0E-5,100,1.0828427124746289E-8
2.0E-5,2.0E-5,100,1.0828427124746289E-8
2.0E-5,2.0E-5,200,1.0828427124746289E-8
2.0E-5,2.0E-5,300,1.0828427124746289E-8
2.0E-5,2.0E-5,400,1.0828427124746289E-8
2.0E-5,2.0E-5,500,1.0828427124746289E-8
2.0E-5,2.0E-5,600,1.0828427124746289E-8
2.0E-5,2.0E-5,700,1.0828427124746289E-8
2.0E-5,2.0E-5,800,1.0828427124746289E-8
2.0E-5,2.0E-5,900,1.0828427124746289E-8
2.0E-5,2.0E-5,1000,1.0828427124746289E-8
2.0E-5,2.0E-5,2000,1.0828427124746289E-8
2.0E-5,2.0E-5,3000,1.0828427124746289E-8
2.0E-5,2.0E-5,4000,1.0828427124746289E-8
2.0E-5,2.0E-5,5000,1.0828427124746289E-8
2.0E-5,2.0E-5,6000,1.0828427124746289E-8
2.0E-5,2.0E-5,7000,1.0828427124746289E-8
2.0E-5,2.0E-5,8000,1.0828427124746289E-8
2.0E-5,2.0E-5,9000,1.0828427124746289E-8
2.0E-5,2.0E-5,10000,1.0828427124746289E-8
2.0E-5,2.0E-5,20000,1.0828427124746289E-8
2.0E-5,2.0E-5,30000,1.0828427124746289E-8
2.0E-5,2.0E-5,40000,1.0828427124746289E-8
2.0E-5,2.0E-5,50000,1.0828427124746289E-8
2.0E-5,2.0E-5,60000,1.0828427124746289E-8
2.0E-5,2.0E-5,70000,1.0828427124746289E-8
2.0E-5,2.0E-5,80000,1.0828427124746289E-8
2.0E-5,2.0E-5,90000,1.0828427124746289E-8
2.0E-5,2.0E-5,100000,1.0828427124746289E-8
2.0E-5,2.0E-5,110000,1.0828427124746289E-8
2.0E-5,2.0E-5,120000,1.0828427124746289E-8
2.0E-5,2.0E-5,130000,1.0828427124746289E-8
2.0E-5,2.0E-5,140000,1.0828427124746289E-8
2.0E-5,2.0E-5,150000,1.0828427124746289E-8
2.0E-5,2.0E-5,160000,1.0828427124746289E-8
2.0E-5,2.0E-5,170000,1.0828427124746289E-8
2.0E-5,2.0E-5,180000,1.0828427124746289E-8
2.0E-5,2.0E-5,190000,1.0828427124746289E-8
2.0E-5,2.0E-5,200000,1.0828427124746289E-8
2.0E-5,2.75E-5,0,1.1400367627183813E-8
2.0E-5,2.75E-5,0.1,1.1400367627183813E-8
2.0E-5,2.75E-5,0.2,1.1400367627183813E-8
2.0E-5,2.75E-5,0.30000000000000004,1.1400367627183813E-8
2.0E-5,2.75E-5,0.4,1.1400367627183813E-8
2.0E-5,2.75E-5,0.5,1.1400367627183813E-8
2.0E-5,2.75E-5,0.6000000000000001,1.1400367627183813E-8
2.0E-5,2.75E-5,0.7000000000000001,1.1400367627183813E-8
2.0E-5,2.75E-5,0.8,1.1400367627183813E-8
2.0E-5,2.75E-5,0.9,1.1400367627183813E-8
2.0E-5,2.75E-5,1,1.1400367627183813E-8
2.0E-5,2.75E-5,1.1,1.1400367627183813E-8
2.0E-5,2.75E-5,1.2000000000000002,1.1400367627183813E-8
2.0E-5,2.75E-5,1.3,1.1400367627183813E-8
2.0E-5,2.75E-5,1.4000000000000001,1.1400367627183813E-8
2.0E-5,2.75E-5,1.5,1.1400367627183813E-8
2.0E-5,2.75E-5,1.6,1.1400367627183813E-8
2.0E-5,2.75E-5,1.7000000000000002,1.1400367627183813E-8
2.0E-5,2.75E-5,1.8,1.1400367627183813E-8
2.0E-5,2.75E-5,1.9000000000000001,1.1400367627183813E-8
2.0E-5,2.75E-5,2,1.1400367627183813E-8
2.0E-5,2.75E-5,5,1.1400367627183813E-8
2.0E-5,2.75E-5,10,1.1400367627183813E-8
2.0E-5,2.75E-5,100,1.1400367627183813E-8
2.0E-5,2.75E-5,100,1.1400367627183813E-8
2.0E-5,2.75E-5,200,1.1400367627183813E-8
2.0E-5,2.75E-5,300,1.1400367627183813E-8
2.0E-5,2.75E-5,400,1.1400367627183813E-8
2.0E-5,2.75E-5,500,1.1400367627183813E-8
2.0E-5,2.75E-5,600,1.1400367627183813E-8
2.0E-5,2.75E-5,700,1.1400367627183813E-8
2.0E-5,2.75E-5,800,1.1400367627183813E-8
2.0E-5,2.75E-5,900,1.1400367627183813E-8
2.0E-5,2.75E-5,1000,1.1400367627183813E-8
2.0E-5,2.75E-5,2000,1.1400367627183813E-8
2.0E-5,2.75E-5,3000,1.1400367627183813E-8
2.0E-5,2.75E-5,4000,1.1400367627183813E-8
2.0E-5,2.75E-5,5000,1.1400367627183813E-8
2.0E-5,2.75E-5,6000,1.1400367627183813E-8
2.0E-5,2.75E-5,7000,1.1400367627183813E-8
2.0E-5,2.75E-5,8000,1.1400367627183813E-8
2.0E-5,2.75E-5,9000,1.1400367627183813E-8
2.0E-5,2.75E-5,10000,1.1400367627183813E-8
2.0E-5,2.75E-5,20000,1.1400367627183813E-8
2.0E-5,2.75E-5,30000,1.1400367627183813E-8
2.0E-5,2.75E-5,40000,1.1400367627183813E-8
2.0E-5,2.75E-5,50000,1.1400367627183813E-8
2.0E-5,2.75E-5,60000,1.1400367627183813E-8
2.0E-5,2.75E-5,70000,1.1400367627183813E-8
2.0E-5,2.75E-5,80000,1.1400367627183813E-8
2.0E-5,2.75E-5,90000,1.1400367627183813E-8
2.0E-5,2.75E-5,100000,1.1400367627183813E-8
2.0E-5,2.75E-5,110000,1.1400367627183813E-8
2.0E-5,2.75E-5,120000,1.1400367627183813E-8
2.0E-5,2.75E-5,130000,1.1400367627183813E-8
2.0E-5,2.75E-5,140000,1.1400367627183813E-8
2.0E-5,2.75E-5,150000,1.1400367627183813E-8
2.0E-5,2.75E-5,160000,1.1400367627183813E-8
2.0E-5,2.75E-5,170000,1.1400367627183813E-8
2.0E-5,2.75E-5,180000,1.1400367627183813E-8
2.0E-5,2.75E-5,190000,1.1400367627183813E-8
2.0E-5,2.75E-5,200000,1.1400367627183813E-8
2.0E-5,3.5000000000000004E-5,0,1.2031128874149238E-8
2.0E-5,3.5000000000000004E-5,0.1,1.2031128874149238E-8
2.0E-5,3.5000000000000004E-5,0.2,1.2031128874149238E-8
2.0E-5,3.5000000000000004E-5,0.30000000000000004,1.2031128874149238E-8
2.0E-5,3.5000000000000004E-5,0.4,1.2031128874149238E-8
2.0E-5,3.5000000000000004E-5,0.5,1.2031128874149238E-8
2.0E-5,3.5000000000000004E-5,0.6000000000000001,1.2031128874149238E-8
2.0E-5,3.5000000000000004E-5,0.7000000000000001,1.2031128874149238E-8
2.0E-5,3.5000000000000004E-5,0.8,1.2031128874149238E-8
2.0E-5,3.5000000000000004E-5,0.9,1.2031128874149238E-8
2.0E-5,3.5000000000000004E-5,1,1.2031128874149238E-8
2.0E-5,3.5000000000000004E-5,1.1,1.2031128874149238E-8
2.0E-5,3.5000000000000004E-5,1.2000000000000002,1.2031128874149238E-8
2.0E-5,3.5000000000000004E-5,1.3,1.2031128874149238E-8
2.0E-5,3.5000000000000004E-5,1.4000000000000001,1.2031128874149238E-8
2.0E-5,3.5000000000000004E-5,1.5,1.2031128874149238E-8
2.0E-5,3.5000000000000004E-5,1.6,1.2031128874149238E-8
2.0E-5,3.5000000000000004E-5,1.7000000000000002,1.2031128874149238E-8
2.0E-5,3.5000000000000004E-5,1.8,1.2031128874149238E-8
2.0E-5,3.5000000000000004E-5,1.9000000000000001,1.2031128874149238E-8
2.0E-5,3.5000000000000004E-5,2,1.2031128874149238E-8
2.0E-5,3.5000000000000004E-5,5,1.2031128874149238E-8
2.0E-5,3.5000000000000004E-5,10,1.2031128874149238E-8
2.0E-5,3.5000000000000004E-5,100,1.2031128874149238E-8
2.0E-5,3.5000000000000004E-5,100,1.2031128874149238E-8
2.0E-5,3.5000000000000004E-5,200,1.2031128874149238E-8
2.0E-5,3.5000000000000004E-5,300,1.2031128874149238E-8
2.0E-5,3.5000000000000004E-5,400,1.2031128874149238E-8
2.0E-5,3.5000000000000004E-5,500,1.2031128874149238E-8
2.0E-5,3.5000000000000004E-5,600,1.2031128874149238E-8
2.0E-5,3.5000000000000004E-5,700,1.2031128874149238E-8
2.0E-5,3.5000000000000004E-5,800,1.2031128874149238E-8
2.0E-5,3.5000000000000004E-5,900,1.2031128874149238E-8
2.0E-5,3.5000000000000004E-5,1000,1.2031128874149238E-8
2.0E-5,3.5000000000000004E-5,2000,1.2031128874149238E-8
2.0E-5,3.5000000000000004E-5,3000,1.2031128874149238E-8
2.0E-5,3.5000000000000004E-5,4000,1.2031128874149238E-8
2.0E-5,3.5000000000000004E-5,5000,1.2031128874149238E-8
2.0E-5,3.5000000000000004E-5,6000,1.2031128874149238E-8
2.0E-5,3.5000000000000004E-5,7000,1.2031128874149238E-8
2.0E-5,3.5000000000000004E-5,8000,1.2031128874149238E-8
2.0E-5,3.5000000000000004E-5,9000,1.2031128874149238E-8
2.0E-5,3.5000000000000004E-5,10000,1.2031128874149238E-8
2.0E-5,3.5000000000000004E-5,20000,1.2031128874149238E-8
2.0E-5,3.5000000000000004E-5,30000,1.2031128874149238E-8
2.0E-5,3.5000000000000004E-5,40000,1.2031128874149238E-8
2.0E-5,3.5000000000000004E-5,50000,1.2031128874149238E-8
2.0E-5,3.5000000000000004E-5,60000,1.2031128874149238E-8
2.0E-5,3.5000000000000004E-5,70000,1.2031128874149238E-8
2.0E-5,3.5000000000000004E-5,80000,1.2031128874149238E-8
2.0E-5,3.5000000000000004E-5,90000,1.2031128874149238E-8
2.0E-5,3.5000000000000004E-5,100000,1.2031128874149238E-8
2.0E-5,3.5000000000000004E-5,110000,1.2031128874149238E-8
2.0E-5,3.5000000000000004E-5,120000,1.2031128874149238E-8
2.0E-5,3.5000000000000004E-5,130000,1.2031128874149238E-8
2.0E-5,3.5000000000000004E-5,140000,1.2031128874149238E-8
2.0E-5,3.5000000000000004E-5,150000,1.2031128874149238E-8
2.0E-5,3.5000000000000004E-5,160000,1.2031128874149238E-8
2.0E-5,3.5000000000000004E-5,170000,1.2031128874149238E-8
2.0E-5,3.5000000000000004E-5,180000,1.2031128874149238E-8
2.0E-5,3.5000000000000004E-5,190000,1.2031128874149238E-8
2.0E-5,3.5000000000000004E-5,200000,1.2031128874149238E-8
5.0E-5,5.0E-6,0,1.00249378105603E-8
5.0E-5,5.0E-6,0.1,1.00249378105603E-8
5.0E-5,5.0E-6,0.2,1.00249378105603E-8
5.0E-5,5.0E-6,0.30000000000000004,1.00249378105603E-8
5.0E-5,5.0E-6,0.4,1.00249378105603E-8
5.0E-5,5.0E-6,0.5,1.00249378105603E-8
5.0E-5,5.0E-6,0.6000000000000001,1.00249378105603E-8
5.0E-5,5.0E-6,0.7000000000000001,1.00249378105603E-8
5.0E-5,5.0E-6,0.8,1.00249378105603E-8
5.0E-5,5.0E-6,0.9,1.00249378105603E-8
5.0E-5,5.0E-6,1,1.00249378105603E-8
5.0E-5,5.0E-6,1.1,1.00249378105603E-8
5.0E-5,5.0E-6,1.2000000000000002,1.00249378105603E-8
5.0E-5,5.0E-6,1.3,1.00249378105603E-8
5.0E-5,5.0E-6,1.4000000000000001,1.00249378105603E-8
5.0E-5,5.0E-6,1.5,1.00249378105603E-8
5.0E-5,5.0E-6,1.6,1.00249378105603E-8
5.0E-5,5.0E-6,1.7000000000000002,1.00249378105603E-8
5.0E-5,5.0E-6,1.8,1.00249378105603E-8
5.0E-5,5.0E-6,1.9000000000000001,1.00249378105603E-8
5.0E-5,5.0E-6,2,1.00249378105603E-8
5.0E-5,5.0E-6,5,1.00249378105603E-8
5.0E-5,5.0E-6,10,1.00249378105603E-8
5.0E-5,5.0E-6,100,1.00249378105603E-8
5.0E-5,5.0E-6,100,1.00249378105603E-8
5.0E-5,5.0E-6,200,1.00249378105603E-8
5.0E-5,5.0E-6,300,1.00249378105603E-8
5.0E-5,5.0E-6,400,1.00249378105603E-8
5.0E-5,5.0E-6,500,1.00249378105603E-8
5.0E-5,5.0E-6,600,1.00249378105603E-8
5.0E-5,5.0E-6,700,1.00249378105603E-8
5.0E-5,5.0E-6,800,1.00249378105603E-8
5.0E-5,5.0E-6,900,1.00249378105603E-8
5.0E-5,5.0E-6,1000,1.00249378105603E-8
5.0E-5,5.0E-6,2000,1.00249378105603E-8
5.0E-5,5.0E-6,3000,1.00249378105603E-8
5.0E-5,5.0E-6,4000,1.00249378105603E-8
5.0E-5,5.0E-6,5000,1.00249378105603E-8
5.0E-5,5.0E-6,6000,1.00249378105603E-8
5.0E-5,5.0E-6,7000,1.00249378105603E-8
5.0E-5,5.0E-6,8000,1.00249378105603E-8
5.0E-5,5.0E-6,9000,1.00249378105603E-8
5.0E-5,5.0E-6,10000,1.00249378105603E-8
5.0E-5,5.0E-6,20000,1.00249378105603E-8
5.0E-5,5.0E-6,30000,1.00249378105603E-8
5.0E-5,5.0E-6,40000,1.00249378105603E-8
5.0E-5,5.0E-6,50000,1.00249378105603E-8
5.0E-5,5.0E-6,60000,1.00249378105603E-8
5.0E-5,5.0E-6,70000,1.00249378105603E-8
5.0E-5,5.0E-6,80000,1.00249378105603E-8
5.0E-5,5.0E-6,90000,1.00249378105603E-8
5.0E-5,5.0E-6,100000,1.00249378105603E-8
5.0E-5,5.0E-6,110000,1.00249378105603E-8
5.0E-5,5.0E-6,120000,1.00249378105603E-8
5.0E-5,5.0E-6,130000,1.00249378105603E-8
5.0E-5,5.0E-6,140000,1.00249378105603E-8
5.0E-5,5.0E-6,150000,1.00249378105603E-8
5.0E-5,5.0E-6,160000,1.00249378105603E-8
5.0E-5,5.0E-6,170000,1.00249378105603E-8
5.0E-5,5.0E-6,180000,1.00249378105603E-8
5.0E-5,5.0E-6,190000,1.00249378105603E-8
5.0E-5,5.0E-6,200000,1.00249378105603E-8
5.0E-5,1.25E-5,0,1.0153882032022039E-8
5.0E-5,1.25E-5,0.1,1.0153882032022039E-8
5.0E-5,1.25E-5,0.2,1.0153882032022039E-8
5.0E-5,1.25E-5,0.30000000000000004,1.0153882032022039E-8
5.0E-5,1.25E-5,0.4,1.0153882032022039E-8
5.0E-5,1.25E-5,0.5,1.0153882032022039E-8
5.0E-5,1.25E-5,0.6000000000000001,1.0153882032022039E-8
5.0E-5,1.25E-5,0.7000000000000001,1.0153882032022039E-8
5.0E-5,1.25E-5,0.8,1.0153882032022039E-8
5.0E-5,1.25E-5,0.9,1.0153882032022039E-8
5.0E-5,1.25E-5,1,1.0153882032022039E-8
5.0E-5,1.25E-5,1.1,1.0153882032022039E-8
5.0E-5,1.25E-5,1.2000000000000002,1.0153882032022039E-8
5.0E-5,1.25E-5,1.3,1.0153882032022039E-8
5.0E-5,1.25E-5,1.4000000000000001,1.0153882032022039E-8
5.0E-5,1.25E-5,1.5,1.0153882032022039E-8
5.0E-5,1.25E-5,1.6,1.0153882032022039E-8
5.0E-5,1.25E-5,1.7000000000000002,1.0153882032022039E-8
5.0E-5,1.25E-5,1.8,1.0153882032022039E-8
5.0E-5,1.25E-5,1.9000000000000001,1.0153882032022039E-8
5.0E-5,1.25E-5,2,1.0153882032022039E-8
5.0E-5,1.25E-5,5,1.0153882032022039E-8
5.0E-5,1.25E-5,10,1.0153882032022039E-8
5.0E-5,1.25E-5,100,1.0153882032022039E-8
5.0E-5,1.25E-5,100,1.0153882032022039E-8
5.0E-5,1.25E-5,200,1.0153882032022039E-8
5.0E-5,1.25E-5,300,1.0153882032022039E-8
5.0E-5,1.25E-5,400,1.0153882032022039E-8
5.0E-5,1.25E-5,500,1.0153882032022039E-8
5.0E-5,1.25E-5,600,1.0153882032022039E-8
5.0E-5,1.25E-5,700,1.0153882032022039E-8
5.0E-5,1.25E-5,800,1.0153882032022039E-8
5.0E-5,1.25E-5,900,1.0153882032022039E-8
5.0E-5,1.25E-5,1000,1.0153882032022039E-8
5.0E-5,1.25E-5,2000,1.0153882032022039E-8
5.0E-5,1.25E-5,3000,1.0153882032022039E-8
5.0E-5,1.25E-5,4000,1.0153882032022039E-8
5.0E-5,1.25E-5,5000,1.0153882032022039E-8
5.0E-5,1.25E-5,6000,1.0153882032022039E-8
5.0E-5,1.25E-5,7000,1.0153882032022039E-8
5.0E-5,1.25E-5,8000,1.0153882032022039E-8
5.0E-5,1.25E-5,9000,1.0153882032022039E-8
5.0E-5,1.25E-5,10000,1.0153882032022039E-8
5.0E-5,1.25E-5,20000,1.0153882032022039E-8
5.0E-5,1.25E-5,30000,1.0153882032022039E-8
5.0E-5,1.25E-5,40000,1.0153882032022039E-8
5.0E-5,1.25E-5,50000,1.0153882032022039E-8
5.0E-5,1.25E-5,60000,1.0153882032022039E-8
5.0E-5,1.25E-5,70000,1.0153882032022039E-8
5.0E-5,1.25E-5,80000,1.0153882032022039E-8
5.0E-5,1.25E-5,90000,1.0153882032022039E-8
5.0E-5,1.25E-5,100000,1.0153882032022039E-8
5.0E-5,1.25E-5,110000,1.0153882032022039E-8
5.0E-5,1.25E-5,120000,1.0153882032022039E-8
5.0E-5,1.25E-5,130000,1.0153882032022039E-8
5.0E-5,1.25E-5,140000,1.0153882032022039E-8
5.0E-5,1.25E-5,150000,1.0153882032022039E-8
5.0E-5,1.25E-5,160000,1.0153882032022039E-8
5.0E-5,1.25E-5,170000,1.0153882032022039E-8
5.0E-5,1.25E-5,180000,1.0153882032022039E-8
5.0E-5,1.25E-5,190000,1.0153882032022039E-8
5.0E-5,1.25E-5,200000,1.0153882032022039E-8
5.0E-5,2.0E-5,0,1.0385164807134416E-8
5.0E-5,2.0E-5,0.1,1.0385164807134416E-8
5.0E-5,2.0E-5,0.2,1.0385164807134416E-8
5.0E-5,2.0E-5,0.30000000000000004,1.0385164807134416E-8
5.0E-5,2.0E-5,0.4,1.0385164807134416E-8
5.0E-5,2.0E-5,0.5,1.0385164807134416E-8
5.0E-5,2.0E-5,0.6000000000000001,1.0385164807134416E-8
5.0E-5,2.0E-5,0.7000000000000001,1.0385164807134416E-8
5.0E-5,2.0E-5,0.8,1.0385164807134416E-8
5.0E-5,2.0E-5,0.9,1.0385164807134416E-8
5.0E-5,2.0E-5,1,1.0385164807134416E-8
5.0E-5,2.0E-5,1.1,1.0385164807134416E-8
5.0E-5,2.0E-5,1.2000000000000002,1.0385164807134416E-8
5.0E-5,2.0E-5,1.3,1.0385164807134416E-8
5.0E-5,2.0E-5,1.4000000000000001,1.0385164807134416E-8
5.0E-5,2.0E-5,1.5,1.0385164807134416E-8
5.0E-5,2.0E-5,1.6,1.0385164807134416E-8
5.0E-5,2.0E-5,1.7000000000000002,1.0385164807134416E-8
5.0E-5,2.0E-5,1.8,1.0385164807134416E-8
5.0E-5,2.0E-5,1.9000000000000001,1.0385164807134416E-8
5.0E-5,2.0E-5,2,1.0385164807134416E-8
5.0E-5,2.0E-5,5,1.0385164807134416E-8
5.0E-5,2.0E-5,10,1.0385164807134416E-8
5.0E-5,2.0E-5,100,1.0385164807134416E-8
5.0E-5,2.0E-5,100,1.0385164807134416E-8
5.0E-5,2.0E-5,200,1.0385164807134416E-8
5.0E-5,2.0E-5,300,1.0385164807134416E-8
5.0E-5,2.0E-5,400,1.0385164807134416E-8
5.0E-5,2.0E-5,500,1.0385164807134416E-8
5.0E-5,2.0E-5,600,1.0385164807134416E-8
5.0E-5,2.0E-5,700,1.0385164807134416E-8
5.0E-5,2.0E-5,800,1.0385164807134416E-8
5.0E-5,2.0E-5,900,1.0385164807134416E-8
5.0E-5,2.0E-5,1000,1.0385164807134416E-8
5.0E-5,2.0E-5,2000,1.0385164807134416E-8
5.0E-5,2.0E-5,3000,1.0385164807134416E-8
5.0E-5,2.0E-5,4000,1.0385164807134416E-8
5.0E-5,2.0E-5,5000,1.0385164807134416E-8
5.0E-5,2.0E-5,6000,1.0385164807134416E-8
5.0E-5,2.0E-5,7000,1.0385164807134416E-8
5.0E-5,2.0E-5,8000,1.0385164807134416E-8
5.0E-5,2.0E-5,9000,1.0385164807134416E-8
5.0E-5,2.0E-5,10000,1.0385164807134416E-8
5.0E-5,2.0E-5,20000,1.0385164807134416E-8
5.0E-5,2.0E-5,30000,1.0385164807134416E-8
5.0E-5,2.0E-5,40000,1.0385164807134416E-8
5.0E-5,2.0E-5,50000,1.0385164807134416E-8
5.0E-5,2.0E-5,60000,1.0385164807134416E-8
5.0E-5,2.0E-5,70000,1.0385164807134416E-8
5.0E-5,2.0E-5,80000,1.0385164807134416E-8
5.0E-5,2.0E-5,90000,1.0385164807134416E-8
5.0E-5,2.0E-5,100000,1.0385164807134416E-8
5.0E-5,2.0E-5,110000,1.0385164807134416E-8
5.0E-5,2.0E-5,120000,1.0385164807134416E-8
5.0E-5,2.0E-5,130000,1.0385164807134416E-8
5.0E-5,2.0E-5,140000,1.0385164807134416E-8
5.0E-5,2.0E-5,150000,1.0385164807134416E-8
5.0E-5,2.0E-5,160000,1.0385164807134416E-8
5.0E-5,2.0E-5,170000,1.0385164807134416E-8
5.0E-5,2.0E-5,180000,1.0385164807134416E-8
5.0E-5,2.0E-5,190000,1.0385164807134416E-8
5.0E-5,2.0E-5,200000,1.0385164807134416E-8
5.0E-5,2.75E-5,0,1.0706356105256615E-8
5.0E-5,2.75E-5,0.1,1.0706356105256615E-8
5.0E-5,2.75E-5,0.2,1.0706356105256615E-8
5.0E-5,2.75E-5,0.30000000000000004,1.0706356105256615E-8
5.0E-5,2.75E-5,0.4,1.0706356105256615E-8
5.0E-5,2.75E-5,0.5,1.0706356105256615E-8
5.0E-5,2.75E-5,0.6000000000000001,1.0706356105256615E-8
5.0E-5,2.75E-5,0.7000000000000001,1.0706356105256615E-8
5.0E-5,2.75E-5,0.8,1.0706356105256615E-8
5.0E-5,2.75E-5,0.9,1.0706356105256615E-8
5.0E-5,2.75E-5,1,1.0706356105256615E-8
5.0E-5,2.75E-5,1.1,1.0706356105256615E-8
5.0E-5,2.75E-5,1.2000000000000002,1.0706356105256615E-8
5.0E-5,2.75E-5,1.3,1.0706356105256615E-8
5.0E-5,2.75E-5,1.4000000000000001,1.0706356105256615E-8
5.0E-5,2.75E-5,1.5,1.0706356105256615E-8
5.0E-5,2.75E-5,1.6,1.0706356105256615E-8
5.0E-5,2.75E-5,1.7000000000000002,1.0706356105256615E-8
5.0E-5,2.75E-5,1.8,1.0706356105256615E-8
5.0E-5,2.75E-5,1.9000000000000001,1.0706356105256615E-8
5.0E-5,2.75E-5,2,1.0706356105256615E-8
5.0E-5,2.75E-5,5,1.0706356105256615E-8
5.0E-5,2.75E-5,10,1.0706356105256615E-8
5.0E-5,2.75E-5,100,1.0706356105256615E-8
5.0E-5,2.75E-5,100,1.0706356105256615E-8
5.0E-5,2.75E-5,200,1.0706356105256615E-8
5.0E-5,2.75E-5,300,1.0706356105256615E-8
5.0E-5,2.75E-5,400,1.0706356105256615E-8
5.0E-5,2.75E-5,500,1.0706356105256615E-8
5.0E-5,2.75E-5,600,1.0706356105256615E-8
5.0E-5,2.75E-5,700,1.0706356105256615E-8
5.0E-5,2.75E-5,800,1.0706356105256615E-8
5.0E-5,2.75E-5,900,1.0706356105256615E-8
5.0E-5,2.75E-5,1000,1.0706356105256615E-8
5.0E-5,2.75E-5,2000,1.0706356105256615E-8
5.0E-5,2.75E-5,3000,1.0706356105256615E-8
5.0E-5,2.75E-5,4000,1.0706356105256615E-8
5.0E-5,2.75E-5,5000,1.0706356105256615E-8
5.0E-5,2.75E-5,6000,1.0706356105256615E-8
5.0E-5,2.75E-5,7000,1.0706356105256615E-8
5.0E-5,2.75E-5,8000,1.0706356105256615E-8
5.0E-5,2.75E-5,9000,1.0706356105256615E-8
5.0E-5,2.75E-5,10000,1.0706356105256615E-8
5.0E-5,2.75E-5,20000,1.0706356105256615E-8
5.0E-5,2.75E-5,30000,1.0706356105256615E-8
5.0E-5,2.75E-5,40000,1.0706356105256615E-8
5.0E-5,2.75E-5,50000,1.0706356105256615E-8
5.0E-5,2.75E-5,60000,1.0706356105256615E-8
5.0E-5,2.75E-5,70000,1.0706356105256615E-8
5.0E-5,2.75E-5,80000,1.0706356105256615E-8
5.0E-5,2.75E-5,90000,1.0706356105256615E-8
5.0E-5,2.75E-5,100000,1.0706356105256615E-8
5.0E-5,2.75E-5,110000,1.0706356105256615E-8
5.0E-5,2.75E-5,120000,1.0706356105256615E-8
5.0E-5,2.75E-5,130000,1.0706356105256615E-8
5.0E-5,2.75E-5,140000,1.0706356105256615E-8
5.0E-5,2.75E-5,150000,1.0706356105256615E-8
5.0E-5,2.75E-5,160000,1.0706356105256615E-8
5.0E-5,2.75E-5,170000,1.0706356105256615E-8
5.0E-5,2.75E-5,180000,1.0706356105256615E-8
5.0E-5,2.75E-5,190000,1.0706356105256615E-8
5.0E-5,2.75E-5,200000,1.0706356105256615E-8
5.0E-5,3.5000000000000004E-5,0,1.1103277807866745E-8
5.0E-5,3.5000000000000004E-5,0.1,1.1103277807866745E-8
5.0E-5,3.5000000000000004E-5,0.2,1.1103277807866745E-8
5.0E-5,3.5000000000000004E-5,0.30000000000000004,1.1103277807866745E-8
5.0E-5,3.5000000000000004E-5,0.4,1.1103277807866745E-8
5.0E-5,3.5000000000000004E-5,0.5,1.1103277807866745E-8
5.0E-5,3.5000000000000004E-5,0.6000000000000001,1.1103277807866745E-8
5.0E-5,3.5000000000000004E-5,0.7000000000000001,1.1103277807866745E-8
5.0E-5,3.5000000000000004E-5,0.8,1.1103277807866745E-8
5.0E-5,3.5000000000000004E-5,0.9,1.1103277807866745E-8
5.0E-5,3.5000000000000004E-5,1,1.1103277807866745E-8
5.0E-5,3.5000000000000004E-5,1.1,1.1103277807866745E-8
5.0E-5,3.5000000000000004E-5,1.2000000000000002,1.1103277807866745E-8
5.0E-5,3.5000000000000004E-5,1.3,1.1103277807866745E-8
5.0E-5,3.5000000000000004E-5,1.4000000000000001,1.1103277807866745E-8
5.0E-5,3.5000000000000004E-5,1.5,1.1103277807866745E-8
5.0E-5,3.5000000000000004E-5,1.6,1.1103277807866745E-8
5.0E-5,3.5000000000000004E-5,1.7000000000000002,1.1103277807866745E-8
5.0E-5,3.5000000000000004E-5,1.8,1.1103277807866745E-8
5.0E-5,3.5000000000000004E-5,1.9000000000000001,1.1103277807866745E-8
5.0E-5,3.5000000000000004E-5,2,1.1103277807866745E-8
5.0E-5,3.5000000000000004E-5,5,1.1103277807866745E-8
5.0E-5,3.5000000000000004E-5,10,1.1103277807866745E-8
5.0E-5,3.5000000000000004E-5,100,1.1103277807866745E-8
5.0E-5,3.5000000000000004E-5,100,1.1103277807866745E-8
5.0E-5,3.5000000000000004E-5,200,1.1103277807866745E-8
5.0E-5,3.5000000000000004E-5,300,1.1103277807866745E-8
5.0E-5,3.5000000000000004E-5,400,1.1103277807866745E-8
5.0E-5,3.5000000000000004E-5,500,1.1103277807866745E-8
5.0E-5,3.5000000000000004E-5,600,1.1103277807866745E-8
5.0E-5,3.5000000000000004E-5,700,1.1103277807866745E-8
5.0E-5,3.5000000000000004E-5,800,1.1103277807866745E-8
5.0E-5,3.5000000000000004E-5,900,1.1103277807866745E-8
5.0E-5,3.5000000000000004E-5,1000,1.1103277807866745E-8
5.0E-5,3.5000000000000004E-5,2000,1.1103277807866745E-8
5.0E-5,3.5000000000000004E-5,3000,1.1103277807866745E-8
5.0E-5,3.5000000000000004E-5,4000,1.1103277807866745E-8
5.0E-5,3.5000000000000004E-5,5000,1.1103277807866745E-8
5.0E-5,3.5000000000000004E-5,6000,1.1103277807866745E-8
5.0E-5,3.5000000000000004E-5,7000,1.1103277807866745E-8
5.0E-5,3.5000000000000004E-5,8000,1.1103277807866745E-8
5.0E-5,3.5000000000000004E-5,9000,1.1103277807866745E-8
5.0E-5,3.5000000000000004E-5,10000,1.1103277807866745E-8
5.0E-5,3.5000000000000004E-5,20000,1.1103277807866745E-8
5.0E-5,3.5000000000000004E-5,30000,1.1103277807866745E-8
5.0E-5,3.5000000000000004E-5,40000,1.1103277807866745E-8
5.0E-5,3.5000000000000004E-5,50000,1.1103277807866745E-8
5.0E-5,3.5000000000000004E-5,60000,1.1103277807866745E-8
5.0E-5,3.5000000000000004E-5,70000,1.1103277807866745E-8
5.0E-5,3.5000000000000004E-5,80000,1.1103277807866745E-8
5.0E-5,3.5000000000000004E-5,90000,1.1103277807866745E-8
5.0E-5,3.5000000000000004E-5,100000,1.1103277807866745E-8
5.0E-5,3.5000000000000004E-5,110000,1.1103277807866745E-8
5.0E-5,3.5000000000000004E-5,120000,1.1103277807866745E-8
5.0E-5,3.5000000000000004E-5,130000,1.1103277807866745E-8
5.0E-5,3.5000000000000004E-5,140000,1.1103277807866745E-8
5.0E-5,3.5000000000000004E-5,150000,1.1103277807866745E-8
5.0E-5,3.5000000000000004E-5,160000,1.1103277807866745E-8
5.0E-5,3.5000000000000004E-5,170000,1.1103277807866745E-8
5.0E-5,3.5000000000000004E-5,180000,1.1103277807866745E-8
5.0E-5,3.5000000000000004E-5,190000,1.1103277807866745E-8
5.0E-5,3.5000000000000004E-5,200000,1.1103277807866745E-8
8.0E-5,5.0E-6,0,1.0015609770940715E-8
8.0E-5,5.0E-6,0.1,1.0015609770940715E-8
8.0E-5,5.0E-6,0.2,1.0015609770940715E-8
8.0E-5,5.0E-6,0.30000000000000004,1.0015609770940715E-8
8.0E-5,5.0E-6,0.4,1.0015609770940715E-8
8.0E-5,5.0E-6,0.5,1.0015609770940715E-8
8.0E-5,5.0E-6,0.6000000000000001,1.0015609770940715E-8
8.0E-5,5.0E-6,0.7000000000000001,1.0015609770940715E-8
8.0E-5,5.0E-6,0.8,1.0015609770940715E-8
8.0E-5,5.0E-6,0.9,1.0015609770940715E-8
8.0E-5,5.0E-6,1,1.0015609770940715E-8
8.0E-5,5.0E-6,1.1,1.0015609770940715E-8
8.0E-5,5.0E-6,1.2000000000000002,1.0015609770940715E-8
8.0E-5,5.0E-6,1.3,1.0015609770940715E-8
8.0E-5,5.0E-6,1.4000000000000001,1.0015609770940715E-8
8.0E-5,5.0E-6,1.5,1.0015609770940715E-8
8.0E-5,5.0E-6,1.6,1.0015609770940715E-8
8.0E-5,5.0E-6,1.7000000000000002,1.0015609770940715E-8
8.0E-5,5.0E-6,1.8,1.0015609770940715E-8
8.0E-5,5.0E-6,1.9000000000000001,1.0015609770940715E-8
8.0E-5,5.0E-6,2,1.0015609770940715E-8
8.0E-5,5.0E-6,5,1.0015609770940715E-8
8.0E-5,5.0E-6,10,1.0015609770940715E-8
8.0E-5,5.0E-6,100,1.0015609770940715E-8
8.0E-5,5.0E-6,100,1.0015609770940715E-8
8.0E-5,5.0E-6,200,1.0015609770940715E-8
8.0E-5,5.0E-6,300,1.0015609770940715E-8
8.0E-5,5.0E-6,400,1.0015609770940715E-8
8.0E-5,5.0E-6,500,1.0015609770940715E-8
8.0E-5,5.0E-6,600,1.0015609770940715E-8
8.0E-5,5.0E-6,700,1.0015609770940715E-8
8.0E-5,5.0E-6,800,1.0015609770940715E-8
8.0E-5,5.0E-6,900,1.0015609770940715E-8
8.0E-5,5.0E-6,1000,1.0015609770940715E-8
8.0E-5,5.0E-6,2000,1.0015609770940715E-8
8.0E-5,5.0E-6,3000,1.0015609770940715E-8
8.0E-5,5.0E-6,4000,1.0015609770940715E-8
8.0E-5,5.0E-6,5000,1.0015609770940715E-8
8.0E-5,5.0E-6,6000,1.0015609770940715E-8
8.0E-5,5.0E-6,7000,1.0015609770940715E-8
8.0E-5,5.0E-6,8000,1.0015609770940715E-8
8.0E-5,5.0E-6,9000,1.0015609770940715E-8
8.0E-5,5.0E-6,10000,1.0015609770940715E-8
8.0E-5,5.0E-6,20000,1.0015609770940715E-8
8.0E-5,5.0E-6,30000,1.0015609770940715E-8
8.0E-5,5.0E-6,40000,1.0015609770940715E-8
8.0E-5,5.0E-6,50000,1.0015609770940715E-8
8.0E-5,5.0E-6,60000,1.0015609770940715E-8
8.0E-5,5.0E-6,70000,1.0015609770940715E-8
8.0E-5,5.0E-6,80000,1.0015609770940715E-8
8.0E-5,5.0E-6,90000,1.0015609770940715E-8
8.0E-5,5.0E-6,100000,1.0015609770940715E-8
8.0E-5,5.0E-6,110000,1.0015609770940715E-8
8.0E-5,5.0E-6,120000,1.0015609770940715E-8
8.0E-5,5.0E-6,130000,1.0015609770940715E-8
8.0E-5,5.0E-6,140000,1.0015609770940715E-8
8.0E-5,5.0E-6,150000,1.0015609770940715E-8
8.0E-5,5.0E-6,160000,1.0015609770940715E-8
8.0E-5,5.0E-6,170000,1.0015609770940715E-8
8.0E-5,5.0E-6,180000,1.0015609770940715E-8
8.0E-5,5.0E-6,190000,1.0015609770940715E-8
8.0E-5,5.0E-6,200000,1.0015609770940715E-8
8.0E-5,1.25E-5,0,1.0097067370350888E-8
8.0E-5,1.25E-5,0.1,1.0097067370350888E-8
8.0E-5,1.25E-5,0.2,1.0097067370350888E-8
8.0E-5,1.25E-5,0.30000000000000004,1.0097067370350888E-8
8.0E-5,1.25E-5,0.4,1.0097067370350888E-8
8.0E-5,1.25E-5,0.5,1.0097067370350888E-8
8.0E-5,1.25E-5,0.6000000000000001,1.0097067370350888E-8
8.0E-5,1.25E-5,0.7000000000000001,1.0097067370350888E-8
8.0E-5,1.25E-5,0.8,1.0097067370350888E-8
8.0E-5,1.25E-5,0.9,1.0097067370350888E-8
8.0E-5,1.25E-5,1,1.0097067370350888E-8
8.0E-5,1.25E-5,1.1,1.0097067370350888E-8
8.0E-5,1.25E-5,1.2000000000000002,1.0097067370350888E-8
8.0E-5,1.25E-5,1.3,1.0097067370350888E-8
8.0E-5,1.25E-5,1.4000000000000001,1.0097067370350888E-8
8.0E-5,1.25E-5,1.5,1.0097067370350888E-8
8.0E-5,1.25E-5,1.6,1.0097067370350888E-8
8.0E-5,1.25E-5,1.7000000000000002,1.0097067370350888E-8
8.0E-5,1.25E-5,1.8,1.0097067370350888E-8
8.0E-5,1.25E-5,1.9000000000000001,1.0097067370350888E-8
8.0E-5,1.25E-5,2,1.0097067370350888E-8
8.0E-5,1.25E-5,5,1.0097067370350888E-8
8.0E-5,1.25E-5,10,1.0097067370350888E-8
8.0E-5,1.25E-5,100,1.0097067370350888E-8
8.0E-5,1.25E-5,100,1.0097067370350888E-8
8.0E-5,1.25E-5,200,1.0097067370350888E-8
8.0E-5,1.25E-5,300,1.0097067370350888E-8
8.0E-5,1.25E-5,400,1.0097067370350888E-8
8.0E-5,1.25E-5,500,1.0097067370350888E-8
8.0E-5,1.25E-5,600,1.0097067370350888E-8
8.0E-5,1.25E-5,700,1.0097067370350888E-8
8.0E-5,1.25E-5,800,1.0097067370350888E-8
8.0E-5,1.25E-5,900,1.0097067370350888E-8
8.0E-5,1.25E-5,1000,1.0097067370350888E-8
8.0E-5,1.25E-5,2000,1.0097067370350888E-8
8.0E-5,1.25E-5,3000,1.0097067370350888E-8
8.0E-5,1.25E-5,4000,1.0097067370350888E-8
8.0E-5,1.25E-5,5000,1.0097067370350888E-8
8.0E-5,1.25E-5,6000,1.0097067370350888E-8
8.0E-5,1.25E-5,7000,1.0097067370350888E-8
8.0E-5,1.25E-5,8000,1.0097067370350888E-8
8.0E-5,1.25E-5,9000,1.0097067370350888E-8
8.0E-5,1.25E-5,10000,1.0097067370350888E-8
8.0E-5,1.25E-5,20000,1.0097067370350888E-8
8.0E-5,1.25E-5,30000,1.0097067370350888E-8
8.0E-5,1.25E-5,40000,1.0097067370350888E-8
8.0E-5,1.25E-5,50000,1.0097067370350888E-8
8.0E-5,1.25E-5,60000,1.0097067370350888E-8
8.0E-5,1.25E-5,70000,1.0097067370350888E-8
8.0E-5,1.25E-5,80000,1.0097067370350888E-8
8.0E-5,1.25E-5,90000,1.0097067370350888E-8
8.0E-5,1.25E-5,100000,1.0097067370350888E-8
8.0E-5,1.25E-5,110000,1.0097067370350888E-8
8.0E-5,1.25E-5,120000,1.0097067370350888E-8
8.0E-5,1.25E-5,130000,1.0097067370350888E-8
8.0E-5,1.25E-5,140000,1.0097067370350888E-8
8.0E-5,1.25E-5,150000,1.0097067370350888E-8
8.0E-5,1.25E-5,160000,1.0097067370350888E-8
8.0E-5,1.25E-5,170000,1.0097067370350888E-8
8.0E-5,1.25E-5,180000,1.0097067370350888E-8
8.0E-5,1.25E-5,190000,1.0097067370350888E-8
8.0E-5,1.25E-5,200000,1.0097067370350888E-8
8.0E-5,2.0E-5,0,1.0246211251235288E-8
8.0E-5,2.0E-5,0.1,1.0246211251235288E-8
8.0E-5,2.0E-5,0.2,1.0246211251235288E-8
8.0E-5,2.0E-5,0.30000000000000004,1.0246211251235288E-8
8.0E-5,2.0E-5,0.4,1.0246211251235288E-8
8.0E-5,2.0E-5,0.5,1.0246211251235288E-8
8.0E-5,2.0E-5,0.6000000000000001,1.0246211251235288E-8
8.0E-5,2.0E-5,0.7000000000000001,1.0246211251235288E-8
8.0E-5,2.0E-5,0.8,1.0246211251235288E-8
8.0E-5,2.0E-5,0.9,1.0246211251235288E-8
8.0E-5,2.0E-5,1,1.0246211251235288E-8
8.0E-5,2.0E-5,1.1,1.0246211251235288E-8
8.0E-5,2.0E-5,1.2000000000000002,1.0246211251235288E-8
8.0E-5,2.0E-5,1.3,1.0246211251235288E-8
8.0E-5,2.0E-5,1.4000000000000001,1.0246211251235288E-8
8.0E-5,2.0E-5,1.5,1.0246211251235288E-8
8.0E-5,2.0E-5,1.6,1.0246211251235288E-8
8.0E-5,2.0E-5,1.7000000000000002,1.0246211251235288E-8
8.0E-5,2.0E-5,1.8,1.0246211251235288E-8
8.0E-5,2.0E-5,1.9000000000000001,1.0246211251235288E-8
8.0E-5,2.0E-5,2,1.0246211251235288E-8
8.0E-5,2.0E-5,5,1.0246211251235288E-8
8.0E-5,2.0E-5,10,1.0246211251235288E-8
8.0E-5,2.0E-5,100,1.0246211251235288E-8
8.0E-5,2.0E-5,100,1.0246211251235288E-8
8.0E-5,2.0E-5,200,1.0246211251235288E-8
8.0E-5,2.0E-5,300,1.0246211251235288E-8
8.0E-5,2.0E-5,400,1.0246211251235288E-8
8.0E-5,2.0E-5,500,1.0246211251235288E-8
8.0E-5,2.0E-5,600,1.0246211251235288E-8
8.0E-5,2.0E-5,700,1.0246211251235288E-8
8.0E-5,2.0E-5,800,1.0246211251235288E-8
8.0E-5,2.0E-5,900,1.0246211251235288E-8
8.0E-5,2.0E-5,1000,1.0246211251235288E-8
8.0E-5,2.0E-5,2000,1.0246211251235288E-8
8.0E-5,2.0E-5,3000,1.0246211251235288E-8
8.0E-5,2.0E-5,4000,1.0246211251235288E-8
8.0E-5,2.0E-5,5000,1.0246211251235288E-8
8.0E-5,2.0E-5,6000,1.0246211251235288E-8
8.0E-5,2.0E-5,7000,1.0246211251235288E-8
8.0E-5,2.0E-5,8000,1.0246211251235288E-8
8.0E-5,2.0E-5,9000,1.0246211251235288E-8
8.0E-5,2.0E-5,10000,1.0246211251235288E-8
8.0E-5,2.0E-5,20000,1.0246211251235288E-8
8.0E-5,2.0E-5,30000,1.0246211251235288E-8
8.0E-5,2.0E-5,40000,1.0246211251235288E-8
8.0E-5,2.0E-5,50000,1.0246211251235288E-8
8.0E-5,2.0E-5,60000,1.0246211251235288E-8
8.0E-5,2.0E-5,70000,1.0246211251235288E-8
8.0E-5,2.0E-5,80000,1.0246211251235288E-8
8.0E-5,2.0E-5,90000,1.0246211251235288E-8
8.0E-5,2.0E-5,100000,1.0246211251235288E-8
8.0E-5,2.0E-5,110000,1.0246211251235288E-8
8.0E-5,2.0E-5,120000,1.0246211251235288E-8
8.0E-5,2.0E-5,130000,1.0246211251235288E-8
8.0E-5,2.0E-5,140000,1.0246211251235288E-8
8.0E-5,2.0E-5,150000,1.0246211251235288E-8
8.0E-5,2.0E-5,160000,1.0246211251235288E-8
8.0E-5,2.0E-5,170000,1.0246211251235288E-8
8.0E-5,2.0E-5,180000,1.0246211251235288E-8
8.0E-5,2.0E-5,190000,1.0246211251235288E-8
8.0E-5,2.0E-5,200000,1.0246211251235288E-8
8.0E-5,2.75E-5,0,1.0459462157844353E-8
8.0E-5,2.75E-5,0.1,1.0459462157844353E-8
8.0E-5,2.75E-5,0.2,1.0459462157844353E-8
8.0E-5,2.75E-5,0.30000000000000004,1.0459462157844353E-8
8.0E-5,2.75E-5,0.4,1.0459462157844353E-8
8.0E-5,2.75E-5,0.5,1.0459462157844353E-8
8.0E-5,2.75E-5,0.6000000000000001,1.0459462157844353E-8
8.0E-5,2.75E-5,0.7000000000000001,1.0459462157844353E-8
8.0E-5,2.75E-5,0.8,1.0459462157844353E-8
8.0E-5,2.75E-5,0.9,1.0459462157844353E-8
8.0E-5,2.75E-5,1,1.0459462157844353E-8
8.0E-5,2.75E-5,1.1,1.0459462157844353E-8
8.0E-5,2.75E-5,1.2000000000000002,1.0459462157844353E-8
8.0E-5,2.75E-5,1.3,1.0459462157844353E-8
8.0E-5,2.75E-5,1.4000000000000001,1.0459462157844353E-8
8.0E-5,2.75E-5,1.5,1.0459462157844353E-8
8.0E-5,2.75E-5,1.6,1.0459462157844353E-8
8.0E-5,2.75E-5,1.7000000000000002,1.0459462157844353E-8
8.0E-5,2.75E-5,1.8,1.0459462157844353E-8
8.0E-5,2.75E-5,1.9000000000000001,1.0459462157844353E-8
8.0E-5,2.75E-5,2,1.0459462157844353E-8
8.0E-5,2.75E-5,5,1.0459462157844353E-8
8.0E-5,2.75E-5,10,1.0459462157844353E-8
8.0E-5,2.75E-5,100,1.0459462157844353E-8
8.0E-5,2.75E-5,100,1.0459462157844353E-8
8.0E-5,2.75E-5,200,1.0459462157844353E-8
8.0E-5,2.75E-5,300,1.0459462157844353E-8
8.0E-5,2.75E-5,400,1.0459462157844353E-8
8.0E-5,2.75E-5,500,1.0459462157844353E-8
8.0E-5,2.75E-5,600,1.0459462157844353E-8
8.0E-5,2.75E-5,700,1.0459462157844353E-8
8.0E-5,2.75E-5,800,1.0459462157844353E-8
8.0E-5,2.75E-5,900,1.0459462157844353E-8
8.0E-5,2.75E-5,1000,1.0459462157844353E-8
8.0E-5,2.75E-5,2000,1.0459462157844353E-8
8.0E-5,2.75E-5,3000,1.0459462157844353E-8
8.0E-5,2.75E-5,4000,1.0459462157844353E-8
8.0E-5,2.75E-5,5000,1.0459462157844353E-8
8.0E-5,2.75E-5,6000,1.0459462157844353E-8
8.0E-5,2.75E-5,7000,1.0459462157844353E-8
8.0E-5,2.75E-5,8000,1.0459462157844353E-8
8.0E-5,2.75E-5,9000,1.0459462157844353E-8
8.0E-5,2.75E-5,10000,1.0459462157844353E-8
8.0E-5,2.75E-5,20000,1.0459462157844353E-8
8.0E-5,2.75E-5,30000,1.0459462157844353E-8
8.0E-5,2.75E-5,40000,1.0459462157844353E-8
8.0E-5,2.75E-5,50000,1.0459462157844353E-8
8.0E-5,2.75E-5,60000,1.0459462157844353E-8
8.0E-5,2.75E-5,70000,1.0459462157844353E-8
8.0E-5,2.75E-5,80000,1.0459462157844353E-8
8.0E-5,2.75E-5,90000,1.0459462157844353E-8
8.0E-5,2.75E-5,100000,1.0459462157844353E-8
8.0E-5,2.75E-5,110000,1.0459462157844353E-8
8.0E-5,2.75E-5,120000,1.0459462157844353E-8
8.0E-5,2.75E-5,130000,1.0459462157844353E-8
8.0E-5,2.75E-5,140000,1.0459462157844353E-8
8.0E-5,2.75E-5,150000,1.0459462157844353E-8
8.0E-5,2.75E-5,160000,1.0459462157844353E-8
8.0E-5,2.75E-5,170000,1.0459462157844353E-8
8.0E-5,2.75E-5,180000,1.0459462157844353E-8
8.0E-5,2.75E-5,190000,1.0459462157844353E-8
8.0E-5,2.75E-5,200000,1.0459462157844353E-8
8.0E-5,3.5000000000000004E-5,0,1.073212459828659E-8
8.0E-5,3.5000000000000004E-5,0.1,1.073212459828659E-8
8.0E-5,3.5000000000000004E-5,0.2,1.073212459828659E-8
8.0E-5,3.5000000000000004E-5,0.30000000000000004,1.073212459828659E-8
8.0E-5,3.5000000000000004E-5,0.4,1.073212459828659E-8
8.0E-5,3.5000000000000004E-5,0.5,1.073212459828659E-8
8.0E-5,3.5000000000000004E-5,0.6000000000000001,1.073212459828659E-8
8.0E-5,3.5000000000000004E-5,0.7000000000000001,1.073212459828659E-8
8.0E-5,3.5000000000000004E-5,0.8,1.073212459828659E-8
8.0E-5,3.5000000000000004E-5,0.9,1.073212459828659E-8
8.0E-5,3.5000000000000004E-5,1,1.073212459828659E-8
8.0E-5,3.5000000000000004E-5,1.1,1.073212459828659E-8
8.0E-5,3.5000000000000004E-5,1.2000000000000002,1.073212459828659E-8
8.0E-5,3.5000000000000004E-5,1.3,1.073212459828659E-8
8.0E-5,3.5000000000000004E-5,1.4000000000000001,1.073212459828659E-8
8.0E-5,3.5000000000000004E-5,1.5,1.073212459828659E-8
8.0E-5,3.5000000000000004E-5,1.6,1.073212459828659E-8
8.0E-5,3.5000000000000004E-5,1.7000000000000002,1.073212459828659E-8
8.0E-5,3.5000000000000004E-5,1.8,1.073212459828659E-8
8.0E-5,3.5000000000000004E-5,1.9000000000000001,1.073212459828659E-8
8.0E-5,3.5000000000000004E-5,2,1.073212459828659E-8
8.0E-5,3.5000000000000004E-5,5,1.073212459828659E-8
8.0E-5,3.5000000000000004E-5,10,1.073212459828659E-8
8.0E-5,3.5000000000000004E-5,100,1.073212459828659E-8
8.0E-5,3.5000000000000004E-5,100,1.073212459828659E-8
8.0E-5,3.5000000000000004E-5,200,1.073212459828659E-8
8.0E-5,3.5000000000000004E-5,300,1.073212459828659E-8
8.0E-5,3.5000000000000004E-5,400,1.073212459828659E-8
8.0E-5,3.5000000000000004E-5,500,1.073212459828659E-8
8.0E-5,3.5000000000000004E-5,600,1.073212459828659E-8
8.0E-5,3.5000000000000004E-5,700,1.073212459828659E-8
8.0E-5,3.5000000000000004E-5,800,1.073212459828659E-8
8.0E-5,3.5000000000000004E-5,900,1.073212459828659E-8
8.0E-5,3.5000000000000004E-5,1000,1.073212459828659E-8
8.0E-5,3.5000000000000004E-5,2000,1.073212459828659E-8
8.0E-5,3.5000000000000004E-5,3000,1.073212459828659E-8
8.0E-5,3.5000000000000004E-5,4000,1.073212459828659E-8
8.0E-5,3.5000000000000004E-5,5000,1.073212459828659E-8
8.0E-5,3.5000000000000004E-5,6000,1.073212459828659E-8
8.0E-5,3.5000000000000004E-5,7000,1.073212459828659E-8
8.0E-5,3.5000000000000004E-5,8000,1.073212459828659E-8
8.0E-5,3.5000000000000004E-5,9000,1.073212459828659E-8
8.0E-5,3.5000000000000004E-5,10000,1.073212459828659E-8
8.0E-5,3.5000000000000004E-5,20000,1.073212459828659E-8
8.0E-5,3.5000000000000004E-5,30000,1.073212459828659E-8
8.0E-5,3.5000000000000004E-5,40000,1.073212459828659E-8
8.0E-5,3.5000000000000004E-5,50000,1.073212459828659E-8
8.0E-5,3.5000000000000004E-5,60000,1.073212459828659E-8
8.0E-5,3.5000000000000004E-5,70000,1.073212459828659E-8
8.0E-5,3.5000000000000004E-5,80000,1.073212459828659E-8
8.0E-5,3.5000000000000004E-5,90000,1.073212459828659E-8
8.0E-5,3.5000000000000004E-5,100000,1.073212459828659E-8
8.0E-5,3.5000000000000004E-5,110000,1.073212459828659E-8
8.0E-5,3.5000000000000004E-5,120000,1.073212459828659E-8
8.0E-5,3.5000000000000004E-5,130000,1.073212459828659E-8
8.0E-5,3.5000000000000004E-5,140000,1.073212459828659E-8
8.0E-5,3.5000000000000004E-5,150000,1.073212459828659E-8
8.0E-5,3.5000000000000004E-5,160000,1.073212459828659E-8
8.0E-5,3.5000000000000004E-5,170000,1.073212459828659E-8
8.0E-5,3.5000000000000004E-5,180000,1.073212459828659E-8
8.0E-5,3.5000000000000004E-5,190000,1.073212459828659E-8
8.0E-5,3.5000000000000004E-5,200000,1.073212459828659E-8
